Location,Cage,Cabinet,Rack Units,Elevation,Number of Rack Units,Power Status,FQDN,Manufacturer,Model,Serial Number,Asset Tag,Busines Service,Type of Power,Voltage,Comments
Amsterdam-EUN Networks,,B6,"28,29,30,31",31,4,,aenrq11506b,Cisco,11500,JMX1203L12M,12091,,,,
Amsterdam-EUN Networks,,B6,"38,39,40",40,3,,,Cisco,3845-MB,,142766,,,,
Amsterdam-EUN Networks,,B6,"42,43",43,2,,aenrq2200la2,,AX2200,,,,,,
Amsterdam-EUN Networks,,B6,24,24,1,,aerpprqdb2,HP,ProLiant DL360 G5,JMX1138200B,,,,,
Amsterdam-EUN Networks,,B6,22,22,1,,aenrppren2,HP,ProLiant DL360 G5,CZJ802A63F,,,,,
Amsterdam-EUN Networks,,B6,21,21,1,,aenrppren4,HP,ProLiant DL360 G5,CZJ802A631,,,,,
Amsterdam-EUN Networks,,B6,18,18,1,,aenrpprzt2,HP,ProLiant DL360 G5,CZJ802A3FE,,,,,
Amsterdam-EUN Networks,,B6,15,15,1,,aenrpprxm2,HP,ProLiant DL360 G7,CZJ802A63H,151882,,,,
Amsterdam-EUN Networks,,B6,"34,35,36,37",37,4,,aenrq6504b,Cisco,WSC6504-E,FCZ1248A067,12099,,,,
Amsterdam-EUN Networks,,B6,33,33,1,,aenrq5550a2,COMMS,,F0X1152GAAD,,,,,
Amsterdam-EUN Networks,,B6,32,32,1,,aenrq5550b2,COMMS,,JMX1203L12T,,,,,
Amsterdam-EUN Networks,,B7,22,22,1,,aenrpprqdb3,HP,ProLiant DL380 G8,USE152PJD,156099,,,,
Amsterdam-EUN Networks,,B7,20,20,1,,aenrpprqdb4,HP,ProLiant DL380 G8,MXQ2491PW1,156098,,,,
Amsterdam-EUN Networks,,B7,"16,17",17,2,,,SUN,X4270,MXQ2491PW2,144581,,,,
Amsterdam-NLD-LVLT,,1.25.02,41,41,1,,sw-ams01-01,HP,E3800,SG25G0V2DW,153924,,,,
Amsterdam-NLD-LVLT,,1.25.02,"18,19",19,2,off,,ARBOR ,Pravail APS 2000,,157921,,,,
Amsterdam-NLD-LVLT,,1.25.02,"15,16",16,2,on,dnsa-ams01-01,HP,ProLiant DL360p G8,CZJ3430WFT,157922,,,,
Amsterdam-NLD-LVLT,,1.25.02,"13,14",14,2,on,dnsa-ams01-02,HP,ProLiant DL360p G8,CZJ3430WG1,157923,,,,
Amsterdam-NLD-LVLT,,1.25.02,"38,39",39,2,on,resolver-ams01-01,HP,ProLiant DL385 G7,CZ3226N0NY,153919,,,,
Amsterdam-NLD-LVLT,,1.25.02,"35,36",36,2,on,resolver-ams01-02,HP,ProLiant DL385 G7,CZ3226N0P5,153920,,,,
Amsterdam-NLD-LVLT,,1.25.02,"32,33",33,2,on,uvm-ams01-01,HP,ProLiant DL385 G7,CZ3226N0LT,153921,,,,
Amsterdam-NLD-LVLT,,1.25.02,"29,30",30,2,on,uvm-ams01-02,HP,ProLiant DL385 G7,CZ3226N0M3,153922,,,,
Amsterdam-NLD-LVLT,,1.25.02,"26,27",27,2,on,xtldedge-ams01-01.prod.ultradne.net,HP,ProLiant DL385 G7,USE029NJCR,144875,,,,
Amsterdam-NLD-LVLT,,1.25.02,"25,26",26,2,off,xtldedge-ams01-02.prod.ultradns.net,HP,ProLiant DL385 G7,2UX90209K8,,,,,
Amsterdam-NLD-LVLT,,1.25.02,"23,24",24,2,off,xtldedge-amssp01-03.prod.ultradne.net,HP,ProLiant DL385 G7,USE030N158,144892,,,,
Amsterdam-NLD-LVLT,,1.25.02,"20,21",21,2,off,xtldedge-amssp01-02.prod.ultradne.net,HP,ProLiant DL385 G7,USE030N15L,144874,,,,
Amsterdam-NLD-LVLT,,1.25.02,"43,44",44,2,,rtr-ams01-01,Juniper,,JN11F9C22ADB,153923,,,,
Amsterdam-NLD-LVLT,,1.25.03,41,41,1,,sw-amssp01-01,HP,E3800,SG26G0V47N,153934,,,,
Amsterdam-NLD-LVLT,,1.25.03,"38,39",39,2,on,uvm-amssp01-01,HP,ProLiant DL385 G7,CZ3226N0MF,153929,,,,
Amsterdam-NLD-LVLT,,1.25.03,"35,36",36,2,on,uvm-amssp01-02,HP,ProLiant DL385 G7,CZ3226N0M5,153930,,,,
Amsterdam-NLD-LVLT,,1.25.03,"32,33",33,2,on,uvm-amssp01-03,HP,ProLiant DL385 G7,CZ3226N0MS,153931,,,,
Amsterdam-NLD-LVLT,,1.25.03,"29,30",30,2,on,uvm-amssp01-04,HP,ProLiant DL385 G7,CZ3226N0MB,153932,,,,
Amsterdam-NLD-LVLT,,1.25.03,"26,27",27,2,on,resolver-amssp01-01,HP,ProLiant DL385 G7,CZ3226N0PD,153925,,,,
Amsterdam-NLD-LVLT,,1.25.03,"23,24",24,2,on,resolver-amssp01-02,HP,ProLiant DL385 G7,CZ3226N0P1,153926,,,,
Amsterdam-NLD-LVLT,,1.25.03,"20,21",21,2,on,resolver-amssp01-03,HP,ProLiant DL385 G7,CZ3226N0PL,153927,,,,
Amsterdam-NLD-LVLT,,1.25.03,"17,18",18,2,on,resolver-amssp01-04,HP,ProLiant DL385 G7,CZ3226N0NW,153928,,,,
Amsterdam-NLD-LVLT,,1.25.03,"9,10",10,2,off,xtldedge-amssp01-01.prod.ultradne.net,HP,ProLiant DL385 G7,USE030N155,144876,,,,
Amsterdam-NLD-LVLT,,1.25.03,"43,44",44,2,,rtr-amssp01-01,Juniper,,JN11F9995ADB,153933,,,,
Amsterdam-NLD-LVLT,,1.27.03,41,41,1,,sw-amssp01-02,Cisco,Catalyst 3750 X,,157947,,,,
Amsterdam-NLD-LVLT,,1.27.03,"38,39",39,2,on,dnsa-amssp01-01,HP,ProLiant DL385p G8,CZJ3430WFL,157679,,,,
Amsterdam-NLD-LVLT,,1.27.03,"36,37",37,2,on,dnsa-amssp01-01,HP,ProLiant DL385p G8,CZJ3430WG5,157680,,,,
Amsterdam-NLD-LVLT,,1.27.03,"34,35",35,2,on,dnsa-amssp01-01,HP,ProLiant DL385p G8,CZJ3430WFM,157689,,,,
Amsterdam-NLD-LVLT,,1.27.03,"32,33",33,2,on,dnsa-amssp01-01,HP,ProLiant DL385p G8,CZJ3430WFZ,157690,,,,
Amsterdam-NLD-LVLT,,1.27.03,"30,31",31,2,on,dnsa-amssp01-01,HP,ProLiant DL385p G8,CZJ3430WFR,157691,,,,
Amsterdam-NLD-LVLT,,1.27.03,"28,29",29,2,on,dnsa-amssp01-01,HP,ProLiant DL385p G8,CZJ3430WG4,157692,,,,
Amsterdam-NLD-LVLT,,1.27.03,"26,27",27,2,on,dnsa-amssp01-01,HP,ProLiant DL385p G8,CZJ3430WFY,157895,,,,
Amsterdam-NLD-LVLT,,1.27.03,"24,25",25,2,on,dnsa-amssp01-01,HP,ProLiant DL385p G8,CZJ3430WG3,157896,,,,
Amsterdam-NLD-LVLT,,1.27.04,40,40,1,,mrv1ams,MRV,4000T,,149279,,
Amsterdam-NLD-LVLT,,1.27.04,34,34,1,,sw1ams,Cisco,Catalyst 4948,FOX1503HDLH,,,
Amsterdam-NLD-LVLT,,1.27.04,33,33,1,,,Juniper,EX4550,LX0213449711,,,
Amsterdam-NLD-LVLT,,1.27.04,"25,26",26,2,,ntsc1ams,Citrix,Netscaler MPX,5HA9J21EXX,149282,,
Amsterdam-NLD-LVLT,,1.27.04,"31,32",32,2,on,admin1.ams,HP,ProLiant DL380 G7,USE124N85V,148810,,
Amsterdam-NLD-LVLT,,1.27.04,"29,30",30,2,on,admin2.ams,HP,ProLiant DL380 G7,USE124N85R,148811,,
Amsterdam-NLD-LVLT,,1.27.04,"27,28",28,2,on,pcap1ams,HP,ProLiant DL380 G7,USE124NA6H,148808,,
Amsterdam-NLD-LVLT,,1.27.04,15,15,1,,,Juniper,SSG 140,,,,
Amsterdam-NLD-LVLT,,1.27.04,"9,10,11,12,13,14",14,6,,tms2ams,ARBOR ,,CDC-3709F,,,
Amsterdam-NLD-LVLT,,1.27.04,"3,4,5,6,7,8",8,6,,tms1ams,ARBOR ,,CZB-3103S,149662,,
Amsterdam-NLD-LVLT,,1.27.05,"14,15,16,17,18,19,20,21,22",22,9,,rtr1ams,Juniper,MX480,,149280,,
Ashburn-VA-LTSY-DC3,,E55-F40,40,40,1,,,HP,E3800,,,,
Ashburn-VA-LTSY-DC3,,E55-F40,"41,42",42,2,,router - 1 - ad01 - 01,Juniper,J6350,,,,
Ashburn-VA-LTSY-DC3,,E55-F40,"37,38",38,2,,uvm-iad01,HP,Proliant DL385G7,,,,
Ashburn-VA-LTSY-DC3,,E55-F40,"35,36",36,2,,uvm-iad02,HP,Proliant DL385G7,,,,
Ashburn-VA-LTSY-DC3,,E55-F40,"33,34",34,2,,resolver - iad01,HP,Proliant DL385G7,,,,
Ashburn-VA-LTSY-DC3,,E55-F40,"31,32",32,2,,resolver - iad02,HP,Proliant DL385G7,,,,
Ashburn-VA-LTSY-DC3,,E55-F41,39,39,1,,,HP,E3800,,,,
Ashburn-VA-LTSY-DC3,,E55-F41,"41,42",42,2,, rtr - iadsp01 - 01,Juniper,J6350,,,,
Ashburn-VA-LTSY-DC3,,E55-F41,"36,37",37,2,,uvm-1,HP,ProLiant DL385 G7,,,,
Ashburn-VA-LTSY-DC3,,E55-F41,"34,35",35,2,,uvm-2,HP,ProLiant DL385 G7,,,,
Ashburn-VA-LTSY-DC3,,E55-F41,"32,33",33,2,,uvm-3,HP,ProLiant DL385 G7,,,,
Ashburn-VA-LTSY-DC3,,E55-F41,"30,31",31,2,,uvm-4,HP,ProLiant DL385 G7,,,,
Ashburn-VA-LTSY-DC3,,E55-F41,"28,29",29,2,,resolver 1,HP,ProLiant DL385 G7,,,,
Ashburn-VA-LTSY-DC3,,E55-F41,"26,27",27,2,,resolver 2,HP,ProLiant DL385 G7,,,,
Ashburn-VA-LTSY-DC3,,E55-F41,"24,25",25,2,,resolver 3,HP,ProLiant DL385 G7,,,,
Ashburn-VA-LTSY-DC3,,E55-F41,"22,23",23,2,,resolver 4,HP,ProLiant DL385 G7,,,,
Ashburn-VA-LTSY-DC3,,E55-F42,38,38,1,,sw1ash,Cisco,Catalyst 4948 ,,,,
Ashburn-VA-LTSY-DC3,,E55-F42,39,39,1,,mrv1ash,MRV,LX 4000T,,,,
Ashburn-VA-LTSY-DC3,,E55-F42,14,14,1,,ntsc1ash,,Netscaler MPX,,,,
Ashburn-VA-LTSY-DC3,,E55-F42,20.21,21,2,,pcap1 ash,HP,ProLiant DL385 G7,,,,
Ashburn-VA-LTSY-DC3,,E55-F42,18.19,19,2,,admin1 ash,HP,ProLiant DL385 G7,,,,
Ashburn-VA-LTSY-DC3,,E55-F42,16.17,17,2,,admin2 ash,HP,ProLiant DL385 G7,,,,,,
Ashburn-VA-LTSY-DC3,,E55-F42,3,3,1,,rr1ash,Riorey,RE4000,,,,,,
Ashburn-VA-LTSY-DC3,,E55-F42,27,27,1,,,ARBOR,TMS-4000,,,,,,
Ashburn-VA-LTSY-DC3,,E55-F42,10,10,1,,,ARBOR,TMS-4000,,,,,,
Ashburn-VA-LTSY-DC3,,E55-F43,"5,6,7,8,9,10,11,12,13",13,9,,,Juniper,MX480,,,,,,
Ashburn-VA-EQIX-DC2,,101,26,26,1,on,,Cisco,4948,FOX110203GP,,,,,
Ashburn-VA-EQIX-DC2,,101,36,36,1,on,,Cisco,7604,1PUPAA6AAAA,,,,,
Ashburn-VA-EQIX-DC2,,101,28,28,1,on,,Cisco,3560 G,FOC1101Y182,,,,,
Ashburn-VA-EQIX-DC2,,101,16,16,1,on,,F5,3900,155113,,,,,
Ashburn-VA-EQIX-DC2,,101,12,12,1,on,,HP,ProLiant DL380 G5,2UX709017E,,,,,
Ashburn-VA-EQIX-DC2,,101,9,9,1,on,,HP,ProLiant DL380 G5,2UX703014Z,,,,,
Ashburn-VA-EQIX-DC2,,101,15,15,1,on,,HP,ProLiant DL385 G2,2UX71102XJ,,,,,
Ashburn-VA-EQIX-DC2,,101,4,4,1,on,,HP,ProLiant DL580,USE703N6RP,,,,,
Ashburn-VA-EQIX-DC2,,101,33,33,1,on,,Juniper,SSG 550,0010DBD2C780,,,,,
Ashburn-VA-EQIX-DC2,,102,26,26,1,on,,Cisco,4948,FOX1102086W,,,,,
Ashburn-VA-EQIX-DC2,,102,36,36,1,on,,Cisco,7604,1PUPAA6AAA,,,,,
Ashburn-VA-EQIX-DC2,,102,28,28,1,on,,Cisco,3560 G,FOC1101Y1A9,,,,,
Ashburn-VA-EQIX-DC2,,102,13,13,1,on,,F5,3900,5FLAB3900LA1,,,,,
Ashburn-VA-EQIX-DC2,,102,24,24,1,on,,MRV,40001,11147,,,,,
Ashburn-VA-EQIX-DC2,,102,15,15,1,on,,HP,ProLiant DL360 ,157296,,,,,
Ashburn-VA-EQIX-DC2,,102,12,12,1,on,,HP,ProLiant DL380 G5,2UX7030150,,,,,
Ashburn-VA-EQIX-DC2,,102,9,9,1,on,,HP,ProLiant DL380 G5,2UX703017R,,,,,
Ashburn-VA-EQIX-DC2,,102,22,22,1,on,,HP,ProLiant DL385 G2,2UX7110364,,,,,
Ashburn-VA-EQIX-DC2,,102,4,4,1,on,,HP,ProLiant DL580,USE703N6RJ,,,,,
Ashburn-VA-EQIX-DC2,,102,33,33,1,on,,Juniper,SSG 550,0010DBD2C000,,,,,
Ashburn-VA-EQIX-DC2,,103,44,44,1,on,,Cisco,2800,12546,,,,,
Ashburn-VA-EQIX-DC2,,103,42,42,1,on,,Cisco,2800,12545,,,,,
Ashburn-VA-EQIX-DC2,,103,40,40,1,on,,Cisco,2960,12548,,,,,
Ashburn-VA-EQIX-DC2,,103,38,38,1,on,,Cisco,2960,12945,,,,,
Ashburn-VA-EQIX-DC2,,103,15,15,1,on,,HP,ProLiant DL360 G2,2UX7110340,,,,,
Ashburn-VA-EQIX-DC2,,103,18,18,1,on,,HP,ProLiant DL360 G5,2UX70102YB,,,,,
Ashburn-VA-EQIX-DC2,,103,23,23,1,on,,HP,ProLiant DL360 G6,CZ193303N5,,,,,
Ashburn-VA-EQIX-DC2,,103,21,21,1,on,,HP,ProLiant DL360 G6,CZ193303MV,,,,,
Ashburn-VA-EQIX-DC2,,103,25,25,1,on,,HP,ProLiant DL360p,MXQ3450658,,,,,
Ashburn-VA-EQIX-DC2,,103,10,10,1,on,,HP,ProLiant DL360p,158167,,,,,
Ashburn-VA-EQIX-DC2,,103,12,12,1,on,,HP,ProLiant DL385 G2,2UX711033F,,,,,
Ashburn-VA-EQIX-DC2,,103,36,36,1,on,,Dell,Power Edge 1950,12590,,,,,
Ashburn-VA-EQIX-DC2,,103,34,34,1,on,,Dell ,Power Edge 1950,12589,,,,,
Ashburn-VA-EQIX-DC2,,104,34,34,1,on,,Arista,2800,10490,,,,,
Ashburn-VA-EQIX-DC2,,104,38,38,1,on,,Arista,7048T-A,157798,,,,,
Ashburn-VA-EQIX-DC2,,104,36,36,1,on,,Arista,7048T-A,157802,,,,,
Ashburn-VA-EQIX-DC2,,104,26,26,1,on,,Arista,7048T-A,159558,,,,,
Ashburn-VA-EQIX-DC2,,104,24,24,1,on,,Arista,7048T-A,159559,,,,,
Ashburn-VA-EQIX-DC5,,213,35,35,1,on,asbnva-itp,Cisco,2811,FTX1310AIP3,,,,,
Ashburn-VA-EQIX-DC5,,213,37,37,1,on,ashbva-peer-rtr01,Cisco,2821,FTX1309A36J,,,,,
Ashburn-VA-EQIX-DC5,,213,34,34,1,on,ashbva-peer-sw1,Cisco,3750,,,,,,
Ashburn-VA-EQIX-DC5,,213,31,31,1,on,ashbnva-peer-itp2,Cisco,7200 VXR,73012518,,,,,
Ashburn-VA-EQIX-DC5,,213,38,38,1,on,,Cisco,RPS 2300,FD01311SGYF,,,,,
Ashburn-VA-EQIX-DC6,,102,20,20,1,on,console2,Cisco,2800,FTX1442A0KD,,,
Ashburn-VA-EQIX-DC6,,102,37,37,1,on,,Cisco,ASA 5510,JMX1032K14H,,,
Ashburn-VA-EQIX-DC6,,102,27,27,1,on,core1 chasis 4,Juniper,EX4200,BP0212224140,,,
Ashburn-VA-EQIX-DC6,,102,24,24,1,on,core1 chasis 2,Juniper,EX4200,BP0210355829,,,
Ashburn-VA-EQIX-DC6,,102,21,21,1,on,core1 chasis3,Juniper,EX4200,BP0210355757,,,
Ashburn-VA-EQIX-DC6,,102,"38,39",39,2,on,edge2-iad.agkn.net,Juniper,M7i,,,,
Ashburn-VA-EQIX-DC6,,102,"7,8,9",9,3,on,fabric1,Cisco,MDS 9222i,FOX1428H4QL,,,
Ashburn-VA-EQIX-DC6,,102,"4,5",5,2,on,edge2-iad,Juniper,MX80,ABCD2859,,,
Ashburn-VA-EQIX-DC6,,102,3,3,1,on,,HP,Proliant DL360 G7,USE048N860,,,
Ashburn-VA-EQIX-DC6,,102,2,2,1,on,ops1-1,HP,Proliant DL360 G7,USE042NFP4,,,
Ashburn-VA-EQIX-DC6,,102,18,18,1,on,slb3,Brocade,ServerIron ADX 1000,E32520J0WS,,,
Ashburn-VA-EQIX-DC6,,102,15,15,1,on,slb1,Brocade,ServerIron ADX 1000,E30530F027,,,
Ashburn-VA-EQIX-DC6,,102,"16,17",17,2,on,vpn1-1-prod-iad,Juniper,SRX 550,,,,
Ashburn-VA-EQIX-DC6,,102,"43,44",44,2,on,pdu102-1,APC,Switched Rack PDU,,,,
Ashburn-VA-EQIX-DC6,,102,"41,42",42,2,on,pdu102-2,APC,Switched Rack PDU,ZA1029023884,,,
Ashburn-VA-EQIX-DC6,,103,20,20,1,on,console1,Cisco,2800,FTX1442A0KE,,,
Ashburn-VA-EQIX-DC6,,103,24,24,1,on,core1 chasis 0,Juniper,EX4200,BP0210355872,,,,
Ashburn-VA-EQIX-DC6,,103,21,21,1,on,core1 chasis1,Juniper,EX4200,BP0210255660,,,,
Ashburn-VA-EQIX-DC6,,103,"38,39",39,2,on,edge1-iad.agkn.net,Juniper,M7i,,,,,
Ashburn-VA-EQIX-DC6,,103,"7,8,9",9,2,on,fabric2,Cisco,MDS 9222i,FOX1428H4QM,,,,
Ashburn-VA-EQIX-DC6,,103,"4,5",5,2,on,,Juniper,MX80,ABCD2969,,,,
Ashburn-VA-EQIX-DC6,,103,3,3,1,on,ops2-2,HP,Proliant DL360 G7,USE042NFP2,,,,
Ashburn-VA-EQIX-DC6,,103,2,2,1,on,ops2-1,HP,Proliant DL360 G7,USE042NFP3,,,,
Ashburn-VA-EQIX-DC6,,103,18,18,1,on,slb4,Brocade,ServerIron ADX 1000,E32520JOWN,,,,
Ashburn-VA-EQIX-DC6,,103,15,15,1,on,slb2,Brocade,ServerIron ADX 1000,E30530F022,,,,
Ashburn-VA-EQIX-DC6,,103,"16,17",17,2,on,vpn2-1-prod-iad,Juniper,SRX 550,,,,,
Ashburn-VA-EQIX-DC6,,103,"43,44",44,2,on,pdu103-1,APC,Switched Rack PDU,,,,,
Ashburn-VA-EQIX-DC6,,103,"41,42",42,2,on,pdu103-2,APC,Switched Rack PDU,ZA1029023887,,,,
Ashburn-VA-EQIX-DC6,,104,2,2,1,on,vmhost1-io-dmz-iad,HP,ProLiant DL360 G7,USE041N12R,,,,
Ashburn-VA-EQIX-DC6,,104,"25,26",26,2,on,event1-3-prod-iad,HP,ProLiant DL380 G7,USE233C1H7,,,,
Ashburn-VA-EQIX-DC6,,104,"23,24",24,2,on,event1-2-prod-iad,HP,ProLiant DL380 G7,USE233C1H5,,,,
Ashburn-VA-EQIX-DC6,,104,"20,21",21,2,on,sumdb1-1-prod-iad,HP,ProLiant DL380 G7,USE119N9C6,,,,
Ashburn-VA-EQIX-DC6,,104,"16,17",17,2,on,loader1-1,HP,ProLiant DL380 G7,USE041NAHS,,,
Ashburn-VA-EQIX-DC6,,104,"14,15",15,2,on,sumdb1-2,HP,ProLiant DL380 G7,USE041NAJ1,,,
Ashburn-VA-EQIX-DC6,,104,"11,12",12,2,on,vmhost3-io-prod-iad,HP,ProLiant DL380 G7,USE119N9C4,,,
Ashburn-VA-EQIX-DC6,,104,"8,9",9,2,on,sharddb1-1,HP,ProLiant DL380 G7,USE041NAHT,,,
Ashburn-VA-EQIX-DC6,,104,"4,5",5,2,on,log1-1,HP,ProLiant DL380 G7,USE041NAHR,,,
Ashburn-VA-EQIX-DC6,,104,"30,31",31,2,on,event1-4-prod-iad,HP,ProLiant DL380P G8,2M232800PL,,,
Ashburn-VA-EQIX-DC6,,104,"28,29",29,2,on,event1-1-prod-iad,HP,ProLiant DL380P G8,2M232800PK,,,
Ashburn-VA-EQIX-DC6,,104,"43,44",44,2,on,pdu104-1,APC,Switched Rack PDU,,,,
Ashburn-VA-EQIX-DC6,,104,"41,42",42,2,on,pdu104-2,APC,Switched Rack PDU,,,,
Ashburn-VA-EQIX-DC6,,105,2,2,1,on,sumdb1-1-dmz-iad,HP,ProLiant DL360 G7,USE041N12Q,,,
Ashburn-VA-EQIX-DC6,,105,"25,26",26,2,on,event2-3-prod-iad,HP,ProLiant DL380 G7,USE233C1HF,,,
Ashburn-VA-EQIX-DC6,,105,"23,24",24,2,on,event2-2-prod-iad,HP,ProLiant DL380 G7,USE233C1HL,,,
Ashburn-VA-EQIX-DC6,,105,"20,21",21,2,on,sumdb2-1-prod-iad,HP,ProLiant DL380 G7,USE119N9C7,,,
Ashburn-VA-EQIX-DC6,,105,"16,17",17,2,on,loader2-1,HP,ProLiant DL380 G7,USE041NAHV,,,
Ashburn-VA-EQIX-DC6,,105,"14,15",15,2,on,sumdb2-2,HP,ProLiant DL380 G7,USE041NAJ0,,,
Ashburn-VA-EQIX-DC6,,105,"11,12",12,2,on,vmhost4-io-prod-iad,HP,ProLiant DL380 G7,USE119N9C5,,,
Ashburn-VA-EQIX-DC6,,105,"8,9",9,2,on,sharddb2-1,HP,ProLiant DL380 G7,USE041NAHX,,,
Ashburn-VA-EQIX-DC6,,105,"4,5",5,2,off,log2-1,HP,ProLiant DL380 G7,USE041NAHZ,,,
Ashburn-VA-EQIX-DC6,,105,"30,31",31,2,on,event2-4-prod-iad,HP,ProLiant DL380P G8,2M232800PN,,,
Ashburn-VA-EQIX-DC6,,105,"28,29",29,2,on,event2-1-prod-iad,HP,ProLiant DL380P G8,2M232800PM,,,
Ashburn-VA-EQIX-DC6,,105,"42,44",44,2,on,pdu104-1,APC,Switched Rack PDU,,,,
Ashburn-VA-EQIX-DC6,,105,"41,42",42,2,on,pdu104-2,APC,Switched Rack PDU,,,,
Ashburn-VA-EQIX-DC6,,106,17,17,1,on,rbatch1-1,HP,ProLiant DL360 G7,USE041N47J,,,
Ashburn-VA-EQIX-DC6,,106,12,12,1,on,svcs1-1,HP,ProLiant DL360 G7,USE041N41P,,,
Ashburn-VA-EQIX-DC6,,106,9,9,1,on,sciencedb1-1-prod-iad,HP,ProLiant DL360 G7,USE041N46T,,,
Ashburn-VA-EQIX-DC6,,106,7,7,1,on,ops2-3,HP,ProLiant DL360 G7,USE042N5KV,,,
Ashburn-VA-EQIX-DC6,,106,4,4,1,on,vmhost33-app-prod-iad,HP,ProLiant DL360 G7,USE042N5LJ,,,
Ashburn-VA-EQIX-DC6,,106,3,3,1,on,monitor1-1,HP,ProLiant DL360 G7,USE042N5LO,,,
Ashburn-VA-EQIX-DC6,,106,2,2,1,on,usutil1-1 old,HP,ProLiant DL360 G7,USE042N5KX,,,
Ashburn-VA-EQIX-DC6,,106,"32,33,34,35",35,4,on,kvstore1-4-prod-iad,HP,ProLiant DL580 G7,USE119N5DQ,,,
Ashburn-VA-EQIX-DC6,,106,"28,29,30,31",31,4,on,kvstore1-3-prod-iad,HP,ProLiant DL580 G7,USE119N5DK,,,
Ashburn-VA-EQIX-DC6,,106,"24,25,26,27",27,4,on,kvstore1-2-prod-iad,HP,ProLiant DL580 G7,USE119N5DS,,,
Ashburn-VA-EQIX-DC6,,106,"20,21,22,23",23,4,on,kvstore1-1-prod-iad,HP,ProLiant DL580 G7,USE119N5DR,,,
Ashburn-VA-EQIX-DC6,,106,"13,14,15,16",16,4,on,vmhost1-ultra-prod-iad,HP,ProLiant DL580 G7,USE119N6KM,,,
Ashburn-VA-EQIX-DC6,,106,"43,44",44,2,on,pdu104-1,APC,Switched Rack PDU,,,,
Ashburn-VA-EQIX-DC6,,106,"41,42",42,2,on,pdu104-2,APC,Switched Rack PDU,,,,
Ashburn-VA-EQIX-DC6,,107,17,17,1,on,rbatch2-1,HP,ProLiant DL360 G7,USE041N47M,,,
Ashburn-VA-EQIX-DC6,,107,12,12,1,on,svcs2-1,HP,ProLiant DL360 G7,USE041N41N,,,
Ashburn-VA-EQIX-DC6,,107,9,9,1,off,de2-1,HP,ProLiant DL360 G7,USE041N46V,,,
Ashburn-VA-EQIX-DC6,,107,7,7,1,on,vmhost1-office-app-iad,HP,ProLiant DL360 G7,USE042N5L5,,,
Ashburn-VA-EQIX-DC6,,107,4,4,1,on,ops1-3,HP,ProLiant DL360 G7,USE042N5LX,,,
Ashburn-VA-EQIX-DC6,,107,3,3,1,on,monitor2-1,HP,ProLiant DL360 G7,USE042N5L6,,,
Ashburn-VA-EQIX-DC6,,107,2,2,1,off,usutil2-1 old,HP,ProLiant DL360 G7,USE042N5LG,,,
Ashburn-VA-EQIX-DC6,,107,"32,33,34,35",35,4,on,kvstore2-4-prod-iad,HP,ProLiant DL580 G7,USE119N5DM,,,
Ashburn-VA-EQIX-DC6,,107,"28,29,30,31",31,4,on,kvstore2-3-prod-iad,HP,ProLiant DL580 G7,USE119N5DN,,,
Ashburn-VA-EQIX-DC6,,107,"24,25,26,27",27,4,on,kvstore2-2-prod-iad,HP,ProLiant DL580 G7,USE119N5DP,,,
Ashburn-VA-EQIX-DC6,,107,"20,21,22,23",23,4,on,kvstore2-1-prod-iad,HP,ProLiant DL580 G7,USE119N5DL,,,
Ashburn-VA-EQIX-DC6,,107,"13,14,15,16",16,4,on,vmhost2-ultra-prod-iad,HP,ProLiant DL580 G7,USE119N6KL,,,
Ashburn-VA-EQIX-DC6,,107,"43,44",44,2,on,pdu104-1,APC,Switched Rack PDU,,,,
Ashburn-VA-EQIX-DC6,,107,"41,42",42,2,on,pdu104-2,APC,Switched Rack PDU,,,,
Ashburn-VA-EQIX-DC6,,108,28,28,1,on,vmhost31-app-prod-iad,HP,ProLiant DL360 G7,USE042N5LL,,,
Ashburn-VA-EQIX-DC6,,108,27,27,1,on,vmhost29,HP,ProLiant DL360 G7,USE042N5LT,,,
Ashburn-VA-EQIX-DC6,,108,21,21,1,on,vmhost27,HP,ProLiant DL360 G7,USE119N9FV,,,
Ashburn-VA-EQIX-DC6,,108,20,20,1,on,vmhost25,HP,ProLiant DL360 G7,USE119N9FS,,,
Ashburn-VA-EQIX-DC6,,108,19,19,1,on,vmhost23,HP,ProLiant DL360 G7,USE119N9G1,,,
Ashburn-VA-EQIX-DC6,,108,18,18,1,on,vmhost21,HP,ProLiant DL360 G7,USE119N9G0,,,
Ashburn-VA-EQIX-DC6,,108,13,13,1,on,vmhost19-app-prod-iad,HP,ProLiant DL360 G7,USE042N5LN,,,
Ashburn-VA-EQIX-DC6,,108,12,12,1,on,vmhost17,HP,ProLiant DL360 G7,USE042N5L8,,,
Ashburn-VA-EQIX-DC6,,108,10,10,1,on,vmhost15,HP,ProLiant DL360 G7,USE042N5KZ,,,
Ashburn-VA-EQIX-DC6,,108,9,9,1,on,vmhost13,HP,ProLiant DL360 G7,USE042N5L1,,,
Ashburn-VA-EQIX-DC6,,108,8,8,1,on,vmhost11,HP,ProLiant DL360 G7,USE042N5L4,,,
Ashburn-VA-EQIX-DC6,,108,7,7,1,on,vmhost9,HP,ProLiant DL360 G7,USE042N5L3,,,
Ashburn-VA-EQIX-DC6,,108,5,5,1,on,vmhost7,HP,ProLiant DL360 G7,USE042N5M1,,,
Ashburn-VA-EQIX-DC6,,108,4,4,1,on,vmhost5,HP,ProLiant DL360 G7,USE042N5LQ,,,
Ashburn-VA-EQIX-DC6,,108,3,3,1,on,vmhost3,HP,ProLiant DL360 G7,USE042N5LD,,,
Ashburn-VA-EQIX-DC6,,108,2,2,1,on,vmhost1-app-prod-iad,HP,ProLiant DL360 G7,USE042N5LC,,,
Ashburn-VA-EQIX-DC6,,108,"43,44",44,2,on,pdu104-1,APC,Switched Rack PDU,,,,
Ashburn-VA-EQIX-DC6,,108,"41,42",42,2,on,pdu104-2,APC,Switched Rack PDU,,,,
Ashburn-VA-EQIX-DC6,,109,28,28,1,on,vmhost32-app-prod-iad,HP,ProLiant DL360 G7,USE042N5LH,,,
Ashburn-VA-EQIX-DC6,,109,27,27,1,on,vmhost30,HP,ProLiant DL360 G7,USE042N5L9,,,
Ashburn-VA-EQIX-DC6,,109,21,21,1,on,vmhost28,HP,ProLiant DL360 G7,USE119N9FZ,,,
Ashburn-VA-EQIX-DC6,,109,20,20,1,on,vmhost26,HP,ProLiant DL360 G7,USE119N9FX,,,
Ashburn-VA-EQIX-DC6,,109,19,19,1,on,vmhost24,HP,ProLiant DL360 G7,USE119N9G2,,,
Ashburn-VA-EQIX-DC6,,109,18,18,1,on,vmhost22,HP,ProLiant DL360 G7,USE119N9FT,,,
Ashburn-VA-EQIX-DC6,,109,13,13,1,on,vmhost20-app-prod-iad,HP,ProLiant DL360 G7,USE042N5LA,,,
Ashburn-VA-EQIX-DC6,,109,12,12,1,on,vmhost18,HP,ProLiant DL360 G7,USE042N5LB,,,
Ashburn-VA-EQIX-DC6,,109,10,10,1,on,vmhost16,HP,ProLiant DL360 G7,USE042N5LK,,,
Ashburn-VA-EQIX-DC6,,109,9,9,1,on,vmhost14,HP,ProLiant DL360 G7,USE042N5L7,,,
Ashburn-VA-EQIX-DC6,,109,8,8,1,on,vmhost12,HP,ProLiant DL360 G7,USE042N5LS,,,
Ashburn-VA-EQIX-DC6,,109,7,7,1,on,vmhost10,HP,ProLiant DL360 G7,USE042N5LV,,,
Ashburn-VA-EQIX-DC6,,109,5,5,1,on,vmhost8,HP,ProLiant DL360 G7,USE042N5LR,,,
Ashburn-VA-EQIX-DC6,,109,4,4,1,on,vmhost6,HP,ProLiant DL360 G7,USE042N5L2,,,
Ashburn-VA-EQIX-DC6,,109,3,3,1,on,vmhost4,HP,ProLiant DL360 G7,USE042N5LP,,,
Ashburn-VA-EQIX-DC6,,109,2,2,1,on,vmhost2-app-prod-iad,HP,ProLiant DL360 G7,USE042N5LM,,,
Ashburn-VA-EQIX-DC6,,109,"43,44",44,2,on,pdu104-1,APC,Switched Rack PDU,,,,
Ashburn-VA-EQIX-DC6,,109,"41,42",42,2,on,pdu104-2,APC,Switched Rack PDU,,,,
Atlanta-GA-LVTL,,004.0401.C09.10,"15,16",16,2,,,ARBOR,,,,,
Atlanta-GA-LVTL,,004.0401.C09.10,"32,33",33,2,,resolver-atl01,HP,ProLiant DL385 G7    ,,,,
Atlanta-GA-LVTL,,004.0401.C09.10,"29,30",30,2,,resolver-atl02,HP,ProLiant DL385 G7    ,,,,
Atlanta-GA-LVTL,,004.0401.C09.10,"26,27",27,2,,uvm-atl01,HP,ProLiant DL385 G7    ,,,,
Atlanta-GA-LVTL,,004.0401.C09.10,"23,24",24,2,,uvm-atl02,HP,ProLiant DL385 G7    ,,,,
Atlanta-GA-LVTL,,004.0401.C09.10,"20,21",21,2,,,HP,ProLiant DL385 G7    ,,,,
Atlanta-GA-LVTL,,004.0401.C09.10,"17,18",18,2,,,HP,ProLiant DL385 G7    ,,,,
Bogota-COL-TER,,,38,38,1,,sw1tmco-sw0,Cisco,3750 G,,,,
Bogota-COL-TER,,,"40,41",41,2,,rtrbog01-01,Juniper,J6350,,,,
Bogota-COL-TER,,,"26,27",27,2,,uvm-bog-01-02,HP,ProLiant DL385 G7,,,,
Bogota-COL-TER,,,"29,30",30,2,,uvm-bog-01-01,HP,ProLiant DL385 G7,,,,
Bogota-COL-TER,,,"32,33",33,2,,resolver-bog01-02,HP,ProLiant DL385 G7,,,,
Bogota-COL-TER,,,"35,36",36,2,,resolver-bog01-01,HP,ProLiant DL385 G7,,,,
Chicago-IL-EQIX-FL5,,101,"5,6,7,8",8,4,On,ciixpprdb1,,,,,ENUM,
Chicago-IL-EQIX-FL5,,101,"13,14",14,2,On,ciixpprspsi1,,,,,ENUM,
Chicago-IL-EQIX-FL5,,101,"16,17",17,2,On,ciixpprap3,,,,,ENUM,
Chicago-IL-EQIX-FL5,,101,"19,20",20,2,On,ciixpprap1,,,,,ENUM,
Chicago-IL-EQIX-FL5,,101,"26,27,28",28,3,On,ciix550a,,,,,,
Chicago-IL-EQIX-FL5,,101,"30,31",31,2,Off,ciix550a,,,,,,
Chicago-IL-EQIX-FL5,,101,35,35,1,On,ciix37505a1,,,,,,
Chicago-IL-EQIX-FL5,,102,"5,6,7,8",,4,On,ciixpprdb2,,,,,,
Chicago-IL-EQIX-FL5,,102,"13,14",14,2,On,ciixpprsps12,,,,,,
Chicago-IL-EQIX-FL5,,102,"16,17",17,2,On,ciixpprap4,,,,,,
Chicago-IL-EQIX-FL5,,102,"19,20",20,2,On,ciixpprap2,,,,,,
Chicago-IL-EQIX-FL5,,102,"26,27,28",28,3,On,ciix550b,,,,,,
Chicago-IL-EQIX-FL5,,102,"30,31",31,2,Off,ciix550b,,,,,,
Chicago-IL-EQIX-FL5,,102,35,35,1,On,ciix37505a2,,,,,,
Chicago-IL-EQIX-FL5,,103,18,18,1,On,ciix2000la2,,,,,,
Chicago-IL-EQIX-FL5,,103,20,20,1,On,ciix2000la1,,,,,,
Chicago-IL-EQIX-FL5,,103,22,22,1,On,ciix3400la2,,,,,,
Chicago-IL-EQIX-FL5,,103,24,24,1,On,ciix3400la1,,,,,,
Chicago-IL-EQIX-FL5,,103,"26,27,28,29,30,31",31,6,On,ciix7604b,,,,,,
Chicago-IL-EQIX-FL5,,103,35,35,1,On,ciixcon1,,,,,,
Chicago-IL-EQIX-FL5,,103,"37,38,39,40,41,42",42,6,On,ciix7604a,,,,,,
Chicago-IL-NIS,,105,35,35,1,on,,Cisco,2800,FXT1389A36M,,,
Chicago-IL-NIS,,105,33,33,1,on,,Cisco,2811,FDO1252Y3YA,,,
Chicago-IL-NIS,,105,36,36,1,on,,Cisco,2821,FD01322SGJO,,,
Chicago-IL-NIS,,105,34,34,1,on,,Cisco,3759,,,,
Chicago-IL-NIS,,105,30,30,1,on,,Cisco,7200,FXT1310A10F,,,
Chicago-IL-NIS,,105,37,37,1,on,,Cisco,RPS,JN11E59D2ADB,,,
Dallas-TX-EQIX,,,"25,26",26,2,,,ARBOR,Pravail APS 2000,,157855,,
Dallas-TX-EQIX,,,"36,37",37,2,,resolver-dfw01,HP,ProLiant DL385 G7,,152769,,
Dallas-TX-EQIX,,,"33,34",34,2,,resolver-dfw02,HP,ProLiant DL385 G7,,152770,,
Dallas-TX-EQIX,,,"30,31",31,2,,uvm-dfw01,HP,ProLiant DL385 G7,,152771,,
Dallas-TX-EQIX,,,"27,28",28,2,,uvm-dfw02,HP,ProLiant DL385 G7,,152772,,
Dallas-TX-EQIX,,,"23,24",24,2,,dnsa-dfw01-01,HP,ProLiant DL385p G8,,157856,,
Dallas-TX-EQIX,,,"21,22",22,2,,dnsa-dfw01-02,HP,ProLiant DL385p G8,,157857,,
Denver-CO-LVLT,,C03.17,28,28,1,,sw-denqa01-02,Cisco,Catalyst 3750 G,,,,
Denver-CO-LVLT,,C03.17,29,29,1,,sw-denqa01-01,Cisco,Catalyst 3750 G,,,,
Denver-CO-LVLT,,C03.17,37,37,1,,rtr-dendev01-01,Juniper,J6350,,,,
Denver-CO-LVLT,,C03.17,1,1,1,,resolver-den01-02. dev,HP,ProLiant DL385p G8,,,,
Denver-CO-LVLT,,C03.17,3,3,1,,resolver-den01-02. dev ,HP,ProLiant DL385p G8,,,,
Denver-CO-LVLT,,C03.17,5,5,1,,uvm-den01-02.dev ,HP,ProLiant DL385p G8,,,,
Denver-CO-LVLT,,C03.17,7,7,1,,uvm-den01-01.dev,HP,ProLiant DL385p G8,,,,
Denver-CO-LVLT,,C03.17,9,9,1,,resolver-den01-02.qa,HP,ProLiant DL385p G8,,,,
Denver-CO-LVLT,,C03.17,11,11,1,,resolver-den01-01.qa,HP,ProLiant DL385p G8,,,,
Denver-CO-LVLT,,C03.17,13,13,1,,uvm-den01-02.qa ,HP,ProLiant DL385p G8,,,,
Denver-CO-LVLT,,C03.17,15,15,1,,uvm-den01-01.qa,HP,ProLiant DL385p G8,,,,
Denver-CO-LVLT,,C03.17,21,21,1,,dnsa-den01-02-dev,HP,ProLiant DL385p G8,,,,
Denver-CO-LVLT,,C03.17,23,23,1,,dnsa-den01-01-dev,HP,ProLiant DL385p G8,,,,
Denver-CO-LVLT,,C03.17,25,25,1,,dnsa-den01-02-qa,HP,ProLiant DL385p G8,,,,
Denver-CO-LVLT,,C03.17,27,27,1,,dnsa-den01-02-qa,HP,ProLiant DL385p G8,,,,
Denver-CO-LVLT,,C3A.15,37,37,1,,switch-den01-01 ,Juniper,E3800 ,,,,
Denver-CO-LVLT,,C3A.15,39,39,1,,router-den01-01,Juniper,J6350,,,,
Denver-CO-LVLT,,C3A.15,20,20,1,,prv-den01-01 ,ARBOR ,Pravail APS 2000,,,,
Denver-CO-LVLT,,C3A.15,23,23,1,,xtledge-dfw01-01.prod.ultradns.net ,HP,ProLiant DL385 G7,,,,
Denver-CO-LVLT,,C3A.15,26,26,1,,uvm-den02,HP,ProLiant DL385 G7,,,,
Denver-CO-LVLT,,C3A.15,29,29,1,,uvm-den01,HP,ProLiant DL385 G7,,,,
Denver-CO-LVLT,,C3A.15,32,32,1,,resolver-den02,HP,ProLiant DL385 G7,,,,
Denver-CO-LVLT,,C3A.15,35,35,1,,resolver-den01,HP,ProLiant DL385 G7,,,,
Denver-CO-LVLT,,C3A.15,15,15,1,,dnsa-den01-02,HP,ProLiant DL385p G8,,,,
Denver-CO-LVLT,,C3A.15,15,15,1,,dnsa-den01-01,HP,ProLiant DL385p G8,,,,
Dublin-IRL-LVLT,,IEDBZ4.S6.1.6 (Back),35,35,1,,sw-dub01-01,HP,E3800,,,,
Dublin-IRL-LVLT,,IEDBZ4.S6.1.6 (Back),"37,38",38,2,,rtr-dub01-01,Juniper,JN1204D5DADB,,,,
Dublin-IRL-LVLT,,IEDBZ4.S6.1.6,"39,40",40,2,,,ARBOR ,Pravail APS 2000,,,,
Dublin-IRL-LVLT,,IEDBZ4.S6.1.6,"32,33",33,2,,resolver-dub01-01,HP,ProLiant DL385 G7,,,,
Dublin-IRL-LVLT,,IEDBZ4.S6.1.6,"29,30",30,2,,resolver-dub01-02,HP,ProLiant DL385 G7,,,,
Dublin-IRL-LVLT,,IEDBZ4.S6.1.6,"26,27",27,2,,uvm-dub01-01,HP,ProLiant DL385 G7,,,,
Dublin-IRL-LVLT,,IEDBZ4.S6.1.6,"23,24",24,2,,uvm-dub01-02,HP,ProLiant DL385 G7,,,,
Dublin-IRL-LVLT,,IEDBZ4.S6.1.6,"21,22",22,2,,dnas-dub01-01,HP,ProLiant DL385p G8,,,,
Dublin-IRL-LVLT,,IEDBZ4.S6.1.6,"19,20",20,2,,dnas-dub01-02,HP,ProLiant DL385p G8,,,,
Hong Kong-CIN-EQIX,,922,40,40,1,,sw-hkg01-01,Cisco,Catalyst 3750 G,F0C1209Y26M,,,
Hong Kong-CIN-EQIX,,922,"41,42",42,2,,rtr-hkg01-01,Juniper,J6350,DE12250006,,,
Hong Kong-CIN-EQIX,,922,"15,16",16,2,,unknown,ARBOR ,Pravail APS 2000,,,,
Hong Kong-CIN-EQIX,,922,2,2,1,,rdns2eqhk,HP,ProLiant DL165 G5,2UX834008P,,,
Hong Kong-CIN-EQIX,,922,1,1,1,,rdns3eqhk,HP,ProLiant DL165 G5,,,,
Hong Kong-CIN-EQIX,,922,"3,4",4,2,,xtldedge-hkg01-01,HP,ProLiant DL385p G5,USE951NPS4,,,
Hong Kong-CIN-EQIX,,922,"19,20",20,2,,dnsa-hkg01-02,HP,ProLiant DL385p G8,SGH419FXYJ,,,
Hong Kong-CIN-EQIX,,922,"17,18",18,2,,dnsa-hkg01-01,HP,ProLiant DL385p G8,SGH419FXYL,,,
Hong Kong-CIN-EQIX,,922,"13,14",14,2,,resolver-hkg-01-01,HP,ProLiant DL385p G8,USE248N9KK,,,
Hong Kong-CIN-EQIX,,922,"11,12",12,2,,resolver-hkg-01-02,HP,ProLiant DL385p G8,USE248N9KT,,,
Hong Kong-CIN-EQIX,,922,"9,10",10,2,,uvm-hkg-01-01,HP,ProLiant DL385p G8,USE249NMX5,,,
Hong Kong-CIN-EQIX,,922,"7,8",8,2,,uvm-hkg-01-02,HP,ProLiant DL385p G8,USE249NMX8,,,
Johannesburg-ZAF-IS,,,6,6,1,on,,Cisco,Catalyst 3750 X,,,,
Johannesburg-ZAF-IS,,,"16,17",17,2,on,,ARBOR ,Pravail APS 2000,PR1-20131060C,,,
Johannesburg-ZAF-IS,,,"8,9",9,2,on,,HP,ProLiant DL385p G8,CZJ32001G8,,,
Johannesburg-ZAF-IS,,,"10,11",11,2,on,,HP,ProLiant DL385p G8,CZJ32001G7,,,
Johannesburg-ZAF-IS,,,"12,13",13,2,on,,HP,ProLiant DL385p G8,CZJ32001G9,,,
Johannesburg-ZAF-IS,,,"14,15",15,2,on,,HP,ProLiant DL385p G8,CZJ32001GB,,,
Johannesburg-ZAF-IS,,,"3,4",4,2,on,,Juniper,,JN1215BC4ADB,,,
London-GBR-BIS-1,,C10,,,,,sw4abld,Cisco,Catalyst 3750,,,,
London-GBR-BIS-1,,C10,,,,,sw3abld,Cisco,Catalyst 3750,,,,
London-GBR-BIS-1,,C10,,,,,rdns2abld,HP,ProLiant DL165 ,,,,
London-GBR-BIS-1,,C10,,,,,udns2abld,HP,ProLiant DL165 ,,,,
London-GBR-BIS-1,,C10,,,,,rdns3abld,HP,ProLiant DL165 G5,,,,
London-GBR-BIS-1,,C10,,,,,logc1abld,HP,ProLiant DL365,,,,
London-GBR-BIS-1,,C10,,,,,tldsec1abld,HP,ProLiant DL385 GP,,,,
London-GBR-BIS-1,,C10,,,,,tldprv1abld,HP,ProLiant DL385 GP,,,,
London-GBR-BIS-1,,C10,,,,,admin1abld,HP,ProLiant DL385 GP,,,,
London-GBR-BIS-1,,C10,,,,,rr1abld,Riorey,RX4000,,,,
London-GBR-BIS-1,,C10,,,,,con1abld,Logical Solutions,SCS160,,,,
London-GBR-BIS-1,,C10,,,,,mrv5abld,MRV,,,,,
London-GBR-BIS-1,,C10,,,,,,NRT Optics,,,,,
London-GBR-BIS-1,,C10,,,,,,US Robotics,,,,,
London-GBR-BIS-1,,C10,,,,,mrv1abld,MRV,,,,,
London-GBR-BIS-1,,C10,,,,,mrv2abld,MRV,,,,,
London-GBR-BIS-1,,C10,,,,,mrv4abld ,MRV,,,,,
London-GBR-BIS-1,,C10,,,,,cds1abld,MRV,,,,,
London-GBR-BIS-1,,C10,,,,,cds2abld,MRV,,,,,
Los Angeles-CA-EQIX,,,39,39,1,,switch-lax01-01,HP,E3800,,,,
Los Angeles-CA-EQIX,,,41,41,1,,,Juniper,J6350,73012593,,,
Los Angeles-CA-EQIX,,,"23,24",24,2,,prv-lax01-01,ARBOR,Pravail APS 2000,,,,
Los Angeles-CA-EQIX,,,"35,36",36,2,,resolver-lax01,HP,ProLiant DL385 G7,,,,
Los Angeles-CA-EQIX,,,"32,33",33,2,,resolver-lax02,HP,ProLiant DL385 G7,,,,
Los Angeles-CA-EQIX,,,"29,30",30,2,,uvm-lax01,HP,ProLiant DL385 G7,,,,
Los Angeles-CA-EQIX,,,"26,27",27,2,,uvm-lax02,HP,ProLiant DL385 G7,,,,
Los Angeles-CA-EQIX,,,"21,22",22,2,,dnsa.lax001.01,HP,ProLiant DL385p G8,,,,
Los Angeles-CA-EQIX,,,"19,20",20,2,,dnsa.lax01.02,HP,ProLiant DL385p G8,,,,
Madrid-ESP-TER,,,43,43,1,,sw-mad01-01,HP,E3800,,,,
Madrid-ESP-TER,,,44,44,1,,rtr-mad01-01,Juniper,J6350,,,,
Madrid-ESP-TER,,,29,29,1,,,ARBOR ,Pravail APS 2000,,,,
Madrid-ESP-TER,,,40,40,1,,resolver-mad01-01,HP,ProLiant DL385 G7,,,,
Madrid-ESP-TER,,,37,37,1,,resolver-mad01-02,HP,ProLiant DL385 G7,,,,
Madrid-ESP-TER,,,34,34,1,,uvm-mad01-01,HP,ProLiant DL385 G7,,,,
Madrid-ESP-TER,,,31,31,1,,uvm-mad01-02,HP,ProLiant DL385 G7,,,,
Madrid-ESP-TER,,,21,21,1,,dnas-mad01-01,HP,ProLiant DL385p G8,,,,
Madrid-ESP-TER,,,19,19,1,,dnas-mad01-02 ,HP,ProLiant DL385p G8,,,,
Miami-FL-TER,,NAPMIA.2CQ167,39,39,1,,switch-mia01-01,HP,E3800,,152749,,
Miami-FL-TER,,NAPMIA.2CQ167,"40,41",41,2,,router-mia01-01,Juniper,J6350,,152750,,
Miami-FL-TER,,NAPMIA.2CQ167,"20,21",21,2,,,ARBOR ,Pravail APS 2000,,,,
Miami-FL-TER,,NAPMIA.2CQ167,26,26,1,,ultra-dns,HP,ProLiant DL360,,,,
Miami-FL-TER,,NAPMIA.2CQ167,"23,24",24,2,,miuldmnns01,HP,ProLiant DL385 G5,,,,
Miami-FL-TER,,NAPMIA.2CQ167,"33,34",34,2,,resolver-mia02,HP,ProLiant DL385 G7,,152746,,
Miami-FL-TER,,NAPMIA.2CQ167,"31,32",32,2,,resolver-mia01,HP,ProLiant DL385 G7,,152745,,
Miami-FL-TER,,NAPMIA.2CQ167,"29,30",30,2,,uvm-mia02,HP,ProLiant DL385 G7,,152748,,
Miami-FL-TER,,NAPMIA.2CQ167,"27,28",28,2,,uvm-mia01,HP,ProLiant DL385 G7,,152747,,
Miami-FL-TER,,NAPMIA.2CQ167,"17,18",18,2,,server1 dnsa-mia01-01,HP,ProLiant DL385p G8,,157869,,
Miami-FL-TER,,NAPMIA.2CQ167,"15,16",16,2,,server2 dnsa-mia01-01,HP,ProLiant DL385p G8,,157868,,
Miami-FL-TER,,NAPMIA.2CQ167,38,38,1,,milmnssg140a,Juniper,SSG 140,,140824,,
Minneapolis-MN-LVLT,,,"21,22",22,2,,,ARBOR ,Pravail APS 2000,,,,
Minneapolis-MN-LVLT,,,"16,17",17,2,,,HP,,,,,
Minneapolis-MN-LVLT,,,"18,19",19,2,,,HP,,,,,
Minneapolis-MN-LVLT,,,"25,26",26,2,,uvm-msp02,,,,,,
Minneapolis-MN-LVLT,,,"28,29",29,2,,uvm-msp01,,,,,,
Minneapolis-MN-LVLT,,,31,31,1,,resolver-msp02,,,,,
Minneapolis-MN-LVLT,,,32,32,1,,resolver-msp01,,,,,
Minneapolis-MN-LVLT,,,34,34,1,,switch-msp01,HP,,,,
Minneapolis-MN-LVLT,,,"36,37",37,2,,router-msp01,Juniper,,,,
Mumbai-IND-TATA,,2A - D13,28,28,1,,,HP,E3800,,,
Mumbai-IND-TATA,,2A - D13,"41,42",42,2,,,Juniper,J6350,,,
Mumbai-IND-TATA,,2A - D13,"36,37",37,2,,,ARBOR ,Pravail APS 2000,,,
Mumbai-IND-TATA,,2A - D13,"24,25",25,2,,,HP,ProLiant DL385 G7,,,
Mumbai-IND-TATA,,2A - D13,"22,23",23,2,,,HP,ProLiant DL385 G7,,,
Mumbai-IND-TATA,,2A - D13,"20,21",21,2,,,HP,ProLiant DL385 G7,,,
Mumbai-IND-TATA,,2A - D13,"18,19",19,2,,,HP,ProLiant DL385 G7,,,
New York-NY-EQIX,,101,42,42,1,on,,Cisco,2921,FGL1730121P,,
New York-NY-EQIX,,101,44,44,1,on,,Cisco,ASR 1002,NYCMNY-INTERNET-RTR01,,
New York-NY-EQIX,,101,36,36,1,on,,F5,BIG IP 3600 series,F5- SUSN-UKBO,,
New York-NY-EQIX,,101,11,11,1,,,Dell,KVM-2162DS,72SN2PI,,
New York-NY-EQIX,,101,33,33,1,on,,Dell,Power Edge R610,FZBZKMI,,
New York-NY-EQIX,,101,32,32,1,on,,Dell,Power Edge R611,4JQXKNI,,,
New York-NY-EQIX,,101,29,29,1,on,,Dell,Power Edge R611,F9WTGX1,,,
New York-NY-EQIX,,101,27,27,1,on,,Dell,Power Edge R611,F9WVGX1,,,
New York-NY-EQIX,,101,25,25,1,on,,Dell,Power Edge R611,50DJCPI,,,
New York-NY-EQIX,,101,22,22,1,on,,Dell,Power Edge R611,50DPCPI,,,
New York-NY-EQIX,,101,23,23,1,on,,TRIPP- LITE,Rackmount console,B021-000-19,,,
New York-NY-EQIX,,101,40,40,1,on,,F5,Vipricon C2400,BLD410503S,,,
New York-NY-EQIX,,102,41,41,1,on,,Cisco,Catalyst 2960,F0C1010X0F0,,,
New York-NY-EQIX,,102,44,44,1,on,,Cisco,Catalyst 3750 G,FOC1204Z5LR,,,
New York-NY-EQIX,,102,43,43,1,on,,Cisco,Catalyst 3750 G,F0C1150Y5NJ,,,
New York-NY-EQIX,,102,11,11,1,on,,SOURCEFIRE,,12091900400128-P,,,
New York-NY-LVLT,,6C17.11,38,38,1,,switch jfk01-01,HP,E3800,,,,
New York-NY-LVLT,,6C17.11,39,39,1,,rtr-jfk01-01,Juniper,J6350,,,,
New York-NY-LVLT,,6C17.11,23,23,1,,prb-jfk01-01,ARBOR ,Pravail APS 2000,,,,
New York-NY-LVLT,,6C17.11,25,25,1,,uvm-jfk-01,HP,ProLiant DL385 G7,,,,
New York-NY-LVLT,,6C17.11,28,28,1,,uvm-jfk-02,HP,ProLiant DL385 G7,,,,
New York-NY-LVLT,,6C17.11,31,31,1,,resolver-jfk01,HP,ProLiant DL385 G7,,,,
New York-NY-LVLT,,6C17.11,34,34,1,,resolver-jfk02,HP,ProLiant DL385 G7,,,,
New York-NY-LVLT,,6C17.11,16,16,1,,dnsa-jfk01-02,HP,ProLiant DL385p  ,,,,
New York-NY-LVLT,,6C17.11,19,19,1,,dnsa-jfk01-01,HP,ProLiant DL385p  ,,,,
New York-NY-NY9,,109,40,40,1,on,,Cisco,2300,FDO1311SGK9,,,
New York-NY-NY9,,109,37,37,1,on,,Cisco,2811,FTX1310A1P6,,,
New York-NY-NY9,,109,39,39,1,on,,Cisco,2821,FTX1309A361,,,
New York-NY-NY9,,109,36,36,1,on,,Cisco,3750,FDO1252Y3YL,,,
New York-NY-NY9,,109,35,35,1,on,,Cisco,7200,73012634,,,
Palo Alto-CA-PXPA,,1703,36,36,1,on,,Cisco,2811,FTX1310A1PA,,,
Palo Alto-CA-PXPA,,1703,"37,38",38,1,on,,Cisco,2821,FTX1310A0CW,,,
Palo Alto-CA-PXPA,,1703,35,35,1,on,,Cisco,3750,FDO1252Y3YE,,,
Palo Alto-CA-PXPA,,1703,34,34,1,on,,Cisco,7200 VXR,CNM21COARB ,,,
Palo Alto-CA-PXPA,,1703,39,39,1,on,,Cisco,C3K-PWR-750WAC,COUPAA7BAA,,,
Palo Alto-CA-PXPA,,1703,33,33,1,on,,Cisco,NPE-G2,COUCAWCAA,,,
Paris-FRA-LVLT,, C15.02,"24,25",25,2,,,ARBOR,Pravail APS 2000,,,,
Paris-FRA-LVLT,, C15.02,"35,36",36,2,,resolver-cdg01-01,HP,ProLiant DL385p G7,,,,
Paris-FRA-LVLT,, C15.02,"32,33",33,2,,resolver-cdg01-02,HP,ProLiant DL385p G7,,,,
Paris-FRA-LVLT,, C15.02,"29,30",30,2,,uvm-cdg01-01,HP,ProLiant DL385p G7,,,,
Paris-FRA-LVLT,, C15.02,"26,27",37,2,,uvm-cdg01-02,HP,ProLiant DL385p G7,,,,
Paris-FRA-LVLT,, C15.02,"21,22",22,2,,dnsa-cdg01-01,HP,ProLiant DL385p G8,,,,
Paris-FRA-LVLT,, C15.02,"19,20",20,2,,dnsa-cdg01-02,HP,ProLiant DL385p G8,,,,
Paris-FRA-LVLT,,C16.02,39,39,1,on,sw-cdg01-01,HP,E3800,,,,
Paris-FRA-LVLT,,C16.02,"41,42",42,2,,rtr-cdg01-01,Juniper,J6350,,,,
Phoenix-AZ-LVLT,,103,39,39,1,,switch-phx01-01,HP,E3800,5667635,152780,,
Phoenix-AZ-LVLT,,103,40,40,1,,router-phx1-01,Juniper,J6350,SG22DLX1RZ,152779,,
Phoenix-AZ-LVLT,,103,18,18,1,,,ARBOR,Pravail APS 2000,SGH036X7,157876,,
Phoenix-AZ-LVLT,,103,1,1,1,,,HP,ProLiant DL385p G7,,,,
Phoenix-AZ-LVLT,,103,28,28,1,,uvm-phx02,HP,ProLiant DL385p G7,MXQ3410BTH,152782,,
Phoenix-AZ-LVLT,,103,31,31,1,,uvm-phx01,HP,ProLiant DL385p G7,5667680,152781,,
Phoenix-AZ-LVLT,,103,33,33,1,,resolver-phx02,HP,ProLiant DL385p G7,5667681,152784,,
Phoenix-AZ-LVLT,,103,36,36,1,,resolver-phx01,HP,ProLiant DL385p G7,5667633,152783,,
Phoenix-AZ-LVLT,,103,22,22,1,,dnsa-phx01-02,HP,ProLiant DL385p G8,PR1-20431066C,157878,,
Phoenix-AZ-LVLT,,103,24,24,1,,dnsa-phx01-01,HP,ProLiant DL385p G8,MXQ3410BTJ,157877,,
San Jose-CA-EQIX-SV5,,101,19,19,1,on,,HP,E3800,SG22DLX0QD,152755,,
San Jose-CA-EQIX-SV5,,101,"20,21",21,2,,router-sfo01-01,Juniper,J6350,JN11E55DCADB,152756,,
San Jose-CA-EQIX-SV5,,101,"17,18",18,2,on,prv-sjc01-01,ARBOR,Pravail APS 2000,PRI-20131058C,157882,,
San Jose-CA-EQIX-SV5,,101,"8,9",9,2,on,resolver-sfo01,HP,ProLiant DL385 G7,USE21628B7,152754,,
San Jose-CA-EQIX-SV5,,101,"6,7",7,2,on,resolver-sfo02,HP,ProLiant DL385 G7,USE21628C5,152753,,
San Jose-CA-EQIX-SV5,,101,"4,5",5,2,on,uvm-sfo01,HP,ProLiant DL385 G7,USE21628BB,152752,,
San Jose-CA-EQIX-SV5,,101,"2,3",3,2,on,uvm-sfo02,HP,ProLiant DL385 G7,USE21628DN,152751,,
San Jose-CA-EQIX-SV5,,101,"14,15",15,2,on,xtldedge-sjc01.prod.ultradns.net,HP,ProLiant DL385p G8,USE029NJCM,144886,,
San Jose-CA-EQIX-SV5,,101,"12,13",13,2,on,dnsa-sjc01-01,HP,ProLiant DL385p G8,USE343JJYN,157883,,
San Jose-CA-EQIX-SV5,,101,"10,11",11,2,on,dnsa-sjc01-02,HP,ProLiant DL385p G8,USE343JK08,157884,,
San Jose-CA-EQIX-SV5,,102,21,21,1,on,switch-sjc02-01,HP,ProLiant DL385p G8,SG22DLX1V4,152757,,
San Jose-CA-EQIX-SV5,,102,"15,16",16,2,on,dnsa-sjcsp01-01,HP,ProLiant DL385p G8,USE343JK0D,157681,,
San Jose-CA-EQIX-SV5,,102,"13,14",14,2,on,dnsa-sjcsp01-02,HP,ProLiant DL385p G8,USE343JK04,157682,,
San Jose-CA-EQIX-SV5,,102,"11,12",12,2,on,dnsa-sjcsp01-03,HP,ProLiant DL385p G8,USE343JK0T,157683,,
San Jose-CA-EQIX-SV5,,102,"9,10",10,2,on,dnsa-sjcsp01-04,HP,ProLiant DL385p G8,USE343JK0L,157684,,
San Jose-CA-EQIX-SV5,,102,"7,8",8,2,on,dnsa-sjcsp01-05,HP,ProLiant DL385p G8,USE343JK0B,157685,,
San Jose-CA-EQIX-SV5,,102,"5,6",6,2,on,dnsa-sjcsp01-06,HP,ProLiant DL385p G8,USE343JK0R,157686,,
San Jose-CA-EQIX-SV5,,102,"3,4",4,2,on,dnsa-sjcsp01-07,HP,ProLiant DL385p G8,USE343JK09,157687,,
San Jose-CA-EQIX-SV5,,102,"1,2",2,2,on,dnsa-sjcsp01-08,HP,ProLiant DL385p G8,USE343JK0J,157688,,
San Jose-CA-EQIX-SV5,,103,19,19,1,on,sw-sjcsp01-01,Cisco,Catalyst 3750,UNKNOWN,157945,,
San Jose-CA-EQIX-SV5,,103,"20,21",21,2,on,router-sjc02-01,Juniper,J6350,JN11E421DADB,152758,,
San Jose-CA-EQIX-SV5,,103,"26,27",27,2,on,xtldedge-sjcsp01-01.prod.ultradns.net,HP,ProLiant DL385 G7,USE030N15D,,,
San Jose-CA-EQIX-SV5,,103,"24,25",25,2,on,xtldedge-sjcsp01-02.prod.ultradns.net,HP,ProLiant DL385 G7,USE029NJD1,,,
San Jose-CA-EQIX-SV5,,103,"22,23",23,2,on,xtldedge-sjcsp01-03.prod.ultradns.net,HP,ProLiant DL385 G7,USE030N15G,,,
San Jose-CA-EQIX-SV5,,103,"16,17",17,2,on,uvm-sjc02-01,HP,ProLiant DL385 G7,USE21628CN,152759,,
San Jose-CA-EQIX-SV5,,103,"14,15",15,2,on,uvm-sjc02-02,HP,ProLiant DL385 G7,USE21628D1,152760,,
San Jose-CA-EQIX-SV5,,103,"12,13",13,2,on,uvm-sjc02-03,HP,ProLiant DL385 G7,USE21628DF,152761,,
San Jose-CA-EQIX-SV5,,103,"10,11",11,2,on,uvm-sjc02-04,HP,ProLiant DL385 G7,USE21628CB,152762,,
San Jose-CA-EQIX-SV5,,103,"8,9",9,2,on,resolver-sjc02-01,HP,ProLiant DL385 G7,USE216288S,152766,,
San Jose-CA-EQIX-SV5,,103,"6,7",7,2,on,resolver-sjc02-02,HP,ProLiant DL385 G7,USE21628B9,152765,,
San Jose-CA-EQIX-SV5,,103,"5,4",4,2,on,resolver-sjc02-03,HP,ProLiant DL385 G7,USE216288P,152764,,
San Jose-CA-EQIX-SV5,,103,"3,2",2,2,on,resolver-sjc02-04,HP,ProLiant DL385 G7,USE21628BD,152763,,
San Jose-CA-EQIX-SV5,,106,39,39,1,on,stlabmrva ,MRV,4000T ,,10470,,
San Jose-CA-EQIX-SV5,,106,38,38,1,on,sw1sjo,Cisco,Catalyst 4948,FOX1503HDLP,,,
San Jose-CA-EQIX-SV5,,106,30,30,1,on,sw2sjo,Juniper,EX4550,LX0213225220,,,
San Jose-CA-EQIX-SV5,,106,"20,21",21,2,on,ntsc1sjo,CITRIX,Netscaler MPX,JMWKS21EUR,,,
San Jose-CA-EQIX-SV5,,106,"26,27",27,2,on,pcap1,HP,ProLiant DL385 G7,USE124NA6K,148814,,
San Jose-CA-EQIX-SV5,,106,"24,25",25,2,on,admin1,HP,ProLiant DL385 G7,USE124N85X,,,
San Jose-CA-EQIX-SV5,,106,"22,23",23,2,on,admin2,HP,ProLiant DL385 G7,USE124N85T,,,
San Jose-CA-EQIX-SV5,,106,"8,9,10,11,12,13",13,6,on,tms1sjo,ARBOR,TMS-4000,CZC-150MZ,,,
San Jose-CA-EQIX-SV5,,106,"1,2,3,4,5,6,7",7,6,on,tms2sjo,ARBOR,TMS-4000,,,,
San Jose-CA-EQIX-SV5,,107,"6,7,8,9,10,11,12,13",13,8,on,rtr1sjo,Juniper,MX480,JN11CC1E9AFB,148831,,
San Jose-CA-EQIX-SV6,,101,28,28,1,on,,Dell,BH0M8R1,,,,
San Jose-CA-EQIX-SV6,,101,39,39,1,on,,F5,chs406240s,,,,
San Jose-CA-EQIX-SV6,,101,38,38,1,on,,F5,chs406240s,,,,
San Jose-CA-EQIX-SV6,,101,37,37,1,on,,F5,chs406240s,,,,
San Jose-CA-EQIX-SV6,,101,36,36,1,on,,F5,chs406240s,,,,
San Jose-CA-EQIX-SV6,,101,44,44,1,on,,Cisco,COUCAK5CAA,,,,
San Jose-CA-EQIX-SV6,,101,43,43,1,on,,Cisco,COUCAK5CAA,,,,
San Jose-CA-EQIX-SV6,,101,31,31,1,on,,F5,f5-nayq-yaaw,,,,
San Jose-CA-EQIX-SV6,,101,25,25,1,on,,Dell,F9YSGX1,,,,
San Jose-CA-EQIX-SV6,,101,24,24,1,on,,Dell,F9YSGX1,,,,
San Jose-CA-EQIX-SV6,,101,27,27,1,on,,Dell,F9YVGX1,,,,
San Jose-CA-EQIX-SV6,,101,26,26,1,on,,Dell,F9YVGX1,,,,
San Jose-CA-EQIX-SV6,,101,42,42,1,on,,Cisco,FTX1440AH72,,,,
San Jose-CA-EQIX-SV6,,101,40,40,1,on,,Cisco,FTX1440AH72,,,,
San Jose-CA-EQIX-SV6,,101,30,30,1,on,,Dell,FZBYKM1,,,,
San Jose-CA-EQIX-SV6,,101,23,23,1,on,,Dell,JP5GPL1,,,,
San Jose-CA-EQIX-SV6,,101,22,22,1,on,,Dell,JP5GPL1,,,,
San Jose-CA-EQIX-SV6,,101,21,21,1,on,,Dell,JP5GSL1,,,,
San Jose-CA-EQIX-SV6,,102,28,28,1,on,,SourceFire,12091900400018-P,,,,
San Jose-CA-EQIX-SV6,,102,27,27,1,on,,Dell,7LZ6ZK1,,,,
San Jose-CA-EQIX-SV6,,102,22,22,1,on,,Dell,7LZ6ZK1,,,
San Jose-CA-EQIX-SV6,,102,2,2,1,,,TrippLite,9832ACPCB675600063,,,
San Jose-CA-EQIX-SV6,,102,43,43,1,on,,Cisco,FOC1232Y0GF,,,
San Jose-CA-EQIX-SV6,,102,41,41,1,on,,Cisco,FOC1306W5R0,,,
San Jose-CA-EQIX-SV6,,102,36,36,1,on,,Cisco,FOC1524W10W,,,
San Jose-CA-EQIX-SV6,,102,44,44,1,on,,Dell,JP5GSL1,,,
Santa Clara-CA-Savvis,,101,40,40,1,on,,Cisco,2800,COM7R00ARA,,
Santa Clara-CA-Savvis,,101,6,6,1,on,,Cisco,9124,JAF12133881,,
Santa Clara-CA-Savvis,,101,5,5,1,on,,Cisco,9124,JAF12174912,,
Santa Clara-CA-Savvis,,101,23,23,1,on,,Foundry,4G-PREM,CH16080355,,
Santa Clara-CA-Savvis,,101,22,22,1,on,,Foundry,4G-PREM,CH16080346,,
Santa Clara-CA-Savvis,,101,19,19,1,on,,HP,ProLiant DL360 G7,USE129NDX3,,
Santa Clara-CA-Savvis,,101,14,14,1,on,,HP,ProLiant DL360 G7,USE129NDVT,,
Santa Clara-CA-Savvis,,101,38,38,1,on,,Juniper,EX4200,BM0208124245,,
Santa Clara-CA-Savvis,,101,37,37,1,on,,Juniper,EX4200,BP0208180088,,
Santa Clara-CA-Savvis,,101,36,36,1,on,,Juniper,EX4200,BM0208124464,,
Santa Clara-CA-Savvis,,101,35,35,1,on,,Juniper,EX4200,BP0208180093,,,
Santa Clara-CA-Savvis,,101,18,18,1,on,,IBM,X3650,99N2988,,,
Santa Clara-CA-Savvis,,101,13,13,1,on,,IBM,X3650,KQHLXP3,,,
Santa Clara-CA-Savvis,,102,27,27,1,on,,HP,ProLiant DL360 G7,USE129NDX5,,,
Santa Clara-CA-Savvis,,102,26,26,1,on,,HP,ProLiant DL360 G7,USE204T214,,,
Santa Clara-CA-Savvis,,102,24,24,1,on,,HP,ProLiant DL360 G7,USE129NDVS,,,
Santa Clara-CA-Savvis,,102,23,23,1,on,,HP,ProLiant DL360 G7,USE129NDX2,,,
Santa Clara-CA-Savvis,,102,22,22,1,on,,HP,ProLiant DL360 G7,USE129NDX1,,,
Santa Clara-CA-Savvis,,102,21,21,1,on,,HP,ProLiant DL360 G7,USE129NDXZ,,,
Santa Clara-CA-Savvis,,102,32,32,1,on,,HP,ProLiant DL380 G7,USE039N55B,,,
Santa Clara-CA-Savvis,,102,19,19,1,on,,HP,ProLiant DL380 G7,USE129NDM0,,,
Santa Clara-CA-Savvis,,102,17,17,1,on,,HP,ProLiant DL380 G7,USE129NDM4,,,
Santa Clara-CA-Savvis,,102,14,14,1,on,,HP,ProLiant DL380 G7,USE130N0N5,,,
Santa Clara-CA-Savvis,,102,9,9,1,on,,HP,ProLiant DL380 G7,USE130N0N7,,,
Santa Clara-CA-Savvis,,102,5,5,1,on,,HP,ProLiant DL380 G7,USE130N0NA,,,
Santa Clara-CA-Savvis,,103,27,27,1,on,,HP,ProLiant DL360 G7,USE129NDX4,,,
Santa Clara-CA-Savvis,,103,26,26,1,on,,HP,ProLiant DL360 G7,USE204T21C,,,
Santa Clara-CA-Savvis,,103,24,24,1,on,,HP,ProLiant DL360 G7,USE129NDVX,,,
Santa Clara-CA-Savvis,,103,23,23,1,on,,HP,ProLiant DL360 G7,USE129NDVR,,,
Santa Clara-CA-Savvis,,103,22,22,1,on,,HP,ProLiant DL360 G7,USE129NDX0,,,
Santa Clara-CA-Savvis,,103,21,21,1,on,,HP,ProLiant DL360 G7,USE129NDVV,,,
Santa Clara-CA-Savvis,,103,32,32,1,on,,HP,ProLiant DL380 G7,USE039N55C,,,
Santa Clara-CA-Savvis,,103,19,19,1,on,,HP,ProLiant DL380 G7,USE129NDM5,,,
Santa Clara-CA-Savvis,,103,17,17,1,on,,HP,ProLiant DL380 G7,USE129NDM1,,,
Santa Clara-CA-Savvis,,103,14,14,1,on,,HP,ProLiant DL380 G7,USE130N0N6,,,
Santa Clara-CA-Savvis,,103,9,9,1,on,,HP,ProLiant DL380 G7,USE130N0N8,,,
Santa Clara-CA-Savvis,,103,5,5,1,on,,HP,ProLiant DL380 G7,USE130N0N9,,,
Santa Clara-CA-Savvis,,104,26,26,1,on,,HP,ProLiant DL360 G7,USE204T20Y,,,
Santa Clara-CA-Savvis,,104,24,24,1,on,,HP,ProLiant DL360 G7,USE204T21J,,,
Santa Clara-CA-Savvis,,104,23,23,1,on,,HP,ProLiant DL360 G7,USE204T211,,,
Santa Clara-CA-Savvis,,104,22,22,1,on,,HP,ProLiant DL360 G7,USE204T219,,,
Santa Clara-CA-Savvis,,104,21,21,1,on,,HP,ProLiant DL360 G7,USE204T218,,,
Santa Clara-CA-Savvis,,104,19,19,1,on,,HP,ProLiant DL380 G7,USE204T460,,,
Santa Clara-CA-Savvis,,104,17,17,1,on,,HP,ProLiant DL380 G7,USE204T468,,,
Santa Clara-CA-Savvis,,105,26,26,1,on,,HP,ProLiant DL360 G7,USE204T21N,,,
Santa Clara-CA-Savvis,,105,24,24,1,on,,HP,ProLiant DL360 G7,USE204T461,,,
Santa Clara-CA-Savvis,,105,23,23,1,on,,HP,ProLiant DL360 G7,USE204T212,,,
Santa Clara-CA-Savvis,,105,22,22,1,on,,HP,ProLiant DL360 G7,USE204T21P,,,
Santa Clara-CA-Savvis,,105,21,21,1,on,,HP,ProLiant DL360 G7,USE204T21F,,,
Santa Clara-CA-Savvis,,105,19,19,1,on,,HP,ProLiant DL380 G7,USE204T465,,,
Santa Clara-CA-Savvis,,105,17,17,1,on,,HP,ProLiant DL380 G7,USE204T461,,,
Santa Clara-CA-Savvis,,202,21,21,1,on,,Cisco,2800,COM7R00ARA,,,
Santa Clara-CA-Savvis,,202,37,37,1,on,,Cisco,5510,JMX1038K0VU,,,
Santa Clara-CA-Savvis,,202,22,22,1,on,,Brocade,ADX1000,E30550F03Y,,,
Santa Clara-CA-Savvis,,202,20,20,1,on,,Brocade,ADX1000,E32520J0WL,,,
Santa Clara-CA-Savvis,,202,12,12,1,on,,Cisco,ASA 5505,JMX162940W2,,,
Santa Clara-CA-Savvis,,202,44,44,1,on,,Juniper,EX4200,BM0211074497,,,
Santa Clara-CA-Savvis,,202,42,42,1,on,,Juniper,EX4200,BM0211208114,,,
Santa Clara-CA-Savvis,,202,40,40,1,on,,Juniper,EX4200,BM0210483243,,,
Santa Clara-CA-Savvis,,202,11,11,1,on,,Cisco,MDS 9222i,JAB12251V473,,,
Santa Clara-CA-Savvis,,202,18,18,1,on,,Juniper,MX80,ABCD2980,,,
Santa Clara-CA-Savvis,,202,13,13,1,on,,AT&T,NVG510,1.63607E+14,,,
Santa Clara-CA-Savvis,,202,4,4,1,on,,HP,ProLiant DL360 G7,USE119N7PM,,,
Santa Clara-CA-Savvis,,202,16,16,1,on,,Juniper,SRX 550,,,,
Santa Clara-CA-Savvis,,202,3,3,1,on,,SUN,X4150,0818QAR3E2,,,
Santa Clara-CA-Savvis,,202,2,2,1,on,,SUN,X4150,0818QAR3F6,,,
Santa Clara-CA-Savvis,,203,32,32,1,on,,HP,ProLiant DL360 G7,MXQ2320386,,,
Santa Clara-CA-Savvis,,203,31,31,1,on,,HP,ProLiant DL380 G7,USE039N55D,,,
Santa Clara-CA-Savvis,,203,29,29,1,on,,HP,ProLiant DL380 G7,2UX95300VD,,,
Santa Clara-CA-Savvis,,203,25,25,1,on,,HP,ProLiant DL380 G7,2UUX00306GU,,,
Santa Clara-CA-Savvis,,203,18,18,1,on,,HP,ProLiant DL380 G7,USE039N557,,,
Santa Clara-CA-Savvis,,203,16,16,1,on,,HP,ProLiant DL380 G7,USE039N55F,,,
Santa Clara-CA-Savvis,,203,12,12,1,on,,HP,ProLiant DL380 G7,USE119N7XM,,,
Santa Clara-CA-Savvis,,203,9,9,1,on,,HP,ProLiant DL380 G7,USE119N7XN,,,
Santa Clara-CA-Savvis,,203,5,5,1,on,,HP,ProLiant DL380 G7,USE233C0KE,,,
Santa Clara-CA-Savvis,,203,3,3,1,on,,HP,ProLiant DL380 G7,USE233C0KD,,,
Santa Clara-CA-Savvis,,203,22,22,1,on,,HP,ProLiant DL380 G8,2M232800MQ,,,
Santa Clara-CA-Savvis,,203,20,20,1,on,,HP,ProLiant DL380 G8,2M232800MR,,,
Santa Clara-CA-Savvis,,203,13,13,1,on,,SEAGATE,SRD00F2,NA4JDSWM,,,
Santa Clara-CA-Savvis,,204,23,23,1,on,,HP,ProLiant DL380 G7,USE119N5F2,,,
Santa Clara-CA-Savvis,,204,19,19,1,on,,HP,ProLiant DL380 G7,USE119N5F7,,,
Santa Clara-CA-Savvis,,204,14,14,1,on,,HP,ProLiant DL380 G7,USE119N5F9,,,
Santa Clara-CA-Savvis,,204,10,10,1,on,,HP,ProLiant DL380 G7,USE119N5F3,,,
Santa Clara-CA-Savvis,,204,5,5,1,on,,HP,ProLiant DL380 G7,USE119N6KN,,,
Santa Clara-CA-Savvis,,205,13,13,1,on,,HP,ProLiant DL360 G7,USE119N7P5,,,
Santa Clara-CA-Savvis,,205,12,12,1,on,,HP,ProLiant DL360 G7,USE119N7P4,,,
Santa Clara-CA-Savvis,,205,10,10,1,on,,HP,ProLiant DL360 G7,USE119N7G5,,,
Santa Clara-CA-Savvis,,205,9,9,1,on,,HP,ProLiant DL360 G7,USE119N7G3,,,
Santa Clara-CA-Savvis,,205,8,8,1,on,,HP,ProLiant DL360 G7,USE119N7G8,,,
Santa Clara-CA-Savvis,,205,7,7,1,on,,HP,ProLiant DL360 G7,USE119N7G7,,,
Santa Clara-CA-Savvis,,205,5,5,1,on,,HP,ProLiant DL360 G7,USE119N7G9,,,
Santa Clara-CA-Savvis,,205,4,4,1,on,,HP,ProLiant DL360 G7,USE119N7G4,,,
Santa Clara-CA-Savvis,,205,3,3,1,on,,HP,ProLiant DL360 G7,USE119N7G6,,,
Santa Clara-CA-Savvis,,205,2,2,1,on,,HP,ProLiant DL360 G7,USE119N7GA,,,
Santa Clara-CA-Savvis,,206,10,10,1,on,,HP,ProLiant DL360 G7,USE119N7Q2,,,
Santa Clara-CA-Savvis,,206,9,9,1,on,,HP,ProLiant DL360 G7,USE119N7PA,,,
Santa Clara-CA-Savvis,,206,8,8,1,on,,HP,ProLiant DL360 G7,USE119N7Q1,,,
Santa Clara-CA-Savvis,,206,7,7,1,on,,HP,ProLiant DL360 G7,USE119N7PF,,,
Santa Clara-CA-Savvis,,206,5,5,1,on,,HP,ProLiant DL360 G7,USE119N7PG,,,
Santa Clara-CA-Savvis,,206,4,4,1,on,,HP,ProLiant DL360 G7,USE119N7PP,,,
Santa Clara-CA-Savvis,,206,3,3,1,on,,HP,ProLiant DL360 G7,USE119N7PX,,,
Santa Clara-CA-Savvis,,206,2,2,1,on,,HP,ProLiant DL360 G7,USE119N7PL,,,
Santa Clara-CA-Savvis,,302,21,21,1,on,,Cisco,2800,FTX1227A120,,,
Santa Clara-CA-Savvis,,302,22,22,1,on,,Brocade,ADX1000,E30524E014,,,
Santa Clara-CA-Savvis,,302,20,20,1,on,,Brocade,ADX1000,E32520J0WK,,,
Santa Clara-CA-Savvis,,302,44,44,1,on,,Juniper,EX4200,BP0211219462,,,
Santa Clara-CA-Savvis,,302,42,42,1,on,,Juniper,EX4200,BP0208180154,,,
Santa Clara-CA-Savvis,,302,40,40,1,on,,Juniper,EX4200,BP0208137929,,,
Santa Clara-CA-Savvis,,302,11,11,1,on,,Cisco,MDS 9222i,JAB1224N3XC,,,
Santa Clara-CA-Savvis,,302,18,18,1,on,,Juniper,MX80,ABCD2978,,,
Santa Clara-CA-Savvis,,302,4,4,1,on,,HP,ProLiant DL360 G7,USE119N7PB,,,
Santa Clara-CA-Savvis,,302,16,16,1,on,,Juniper,SRX 550,,,,
Santa Clara-CA-Savvis,,302,3,3,1,on,,SUN,X4150,0818QAR3EC,,,
Santa Clara-CA-Savvis,,302,2,2,1,on,,SUN,X4150,0818QAR3E3,,,
Santa Clara-CA-Savvis,,303,32,32,1,on,,HP,ProLiant DL360 G7,MXQ2320387,,,
Santa Clara-CA-Savvis,,303,31,31,1,on,,HP,ProLiant DL360 G7,USE039N55A,,,
Santa Clara-CA-Savvis,,303,25,25,1,on,,HP,ProLiant DL360 G7,2UX014037L,,,
Santa Clara-CA-Savvis,,303,18,18,1,off,,HP,ProLiant DL360 G7,USE039N558,,,
Santa Clara-CA-Savvis,,303,16,16,1,on,,HP,ProLiant DL360 G7,USE039N559,,,
Santa Clara-CA-Savvis,,303,12,12,1,on,,HP,ProLiant DL360 G7,USE119N7XP,,,
Santa Clara-CA-Savvis,,303,9,9,1,on,,HP,ProLiant DL360 G7,USE119N7XQ,,,
Santa Clara-CA-Savvis,,303,5,5,1,on,,HP,ProLiant DL360 G7,USE233C0KA,,,
Santa Clara-CA-Savvis,,303,3,3,1,on,,HP,ProLiant DL360 G7,USE233C0KK,,,
Santa Clara-CA-Savvis,,303,29,29,1,on,,HP,ProLiant DL360 G6,2UX014037Y,,,
Santa Clara-CA-Savvis,,303,22,22,1,on,,HP,ProLiant DL380p G8,2M232800MP,,,
Santa Clara-CA-Savvis,,303,20,20,1,on,,HP,ProLiant DL380p G8,2M232800MN,,,
Santa Clara-CA-Savvis,,304,23,23,1,on,,HP,ProLiant DL380 G7,USE119N5F8,,,
Santa Clara-CA-Savvis,,304,19,19,1,on,,HP,ProLiant DL380 G7,USE119N5F4,,,
Santa Clara-CA-Savvis,,304,14,14,1,on,,HP,ProLiant DL380 G7,USE119N5F6,,,
Santa Clara-CA-Savvis,,304,10,10,1,on,,HP,ProLiant DL380 G7,USE119N5F5,,,
Santa Clara-CA-Savvis,,304,5,5,1,on,,HP,ProLiant DL380 G7,USE119N5KP,,,
Santa Clara-CA-Savvis,,305,13,13,1,on,,HP,ProLiant DL360 G7,USE119N7Q0,,,
Santa Clara-CA-Savvis,,305,12,12,1,on,,HP,ProLiant DL360 G7,USE119N7PJ,,,
Santa Clara-CA-Savvis,,305,10,10,1,on,,HP,ProLiant DL360 G7,USE119N7PR,,,
Santa Clara-CA-Savvis,,305,9,9,1,on,,HP,ProLiant DL360 G7,USE119N7P8,,,
Santa Clara-CA-Savvis,,305,8,8,1,on,,HP,ProLiant DL360 G7,USE119N7PV,,,
Santa Clara-CA-Savvis,,305,7,7,1,on,,HP,ProLiant DL360 G7,USE119N7PH,,,
Santa Clara-CA-Savvis,,305,5,5,1,on,,HP,ProLiant DL360 G7,USE119N7PZ,,,
Santa Clara-CA-Savvis,,305,4,4,1,on,,HP,ProLiant DL360 G7,USE119N7PT,,,
Santa Clara-CA-Savvis,,305,3,3,1,on,,HP,ProLiant DL360 G7,USE119N7P9,,,
Santa Clara-CA-Savvis,,305,2,2,1,on,,HP,ProLiant DL360 G7,USE119N7PK,,,
Santa Clara-CA-Savvis,,306,10,10,1,on,,HP,ProLiant DL360 G7,USE119N7PN,,,
Santa Clara-CA-Savvis,,306,9,9,1,on,,HP,ProLiant DL360 G7,USE119N7Q3,,,
Santa Clara-CA-Savvis,,306,8,8,1,on,,HP,ProLiant DL360 G7,USE119N7PQ,,,
Santa Clara-CA-Savvis,,306,7,7,1,on,,HP,ProLiant DL360 G7,USE119N7P7,,,
Santa Clara-CA-Savvis,,306,5,5,1,on,,HP,ProLiant DL360 G7,USE119N7PC,,,
Santa Clara-CA-Savvis,,306,4,4,1,on,,HP,ProLiant DL360 G7,USE119N7PD,,,
Santa Clara-CA-Savvis,,306,3,3,1,on,,HP,ProLiant DL360 G7,USE119N7PS,,,
Santa Clara-CA-Savvis,,306,2,2,1,on,,HP,ProLiant DL360 G7,USE119N7P6,,,
Singapore-SGP-EQIX-SG1,,R0403,"10,11",11,2,,,NID,200,,O3334,,
Singapore-SGP-EQIX-SG1,,R0403,31,31,1,,spsc208b,Netscreen,208,OO43O32OO3OOOO93,O32O3,,
Singapore-SGP-EQIX-SG1,,R0403,33,33,1,,spsc208a,Netscreen,208,,O1OO48,,
Singapore-SGP-EQIX-SG1,,R0403,27,27,1,,spg281mb,Cisco,2811,FCZ102171MX,O9944,,
Singapore-SGP-EQIX-SG1,,R0403,29,29,1,,spg281mb,Cisco,2811,FCZ102171NM,O9943,,
Singapore-SGP-EQIX-SG1,,R0403,43,43,1,,spre7206a,Cisco,2800,8OO-O214-OO-REVD,OO3338,,,,
Singapore-SGP-EQIX-SG1,,R0403,"39,40,41,42",42,4,,,Cisco,7200 VXR,,,,,,
Singapore-SGP-EQIX-SG1,,R0403,24,24,1,,spgs29605b,Cisco,Ctalyst 2960 S,F0C1028X3A7,O9907,,,,
Singapore-SGP-EQIX-SG1,,R0403,25,25,1,,spgs29605b,Cisco,Ctalyst 2960 S,FOC1028X411,O9906,,,,
Singapore-SGP-EQIX-SG1,,R0403,16,16,1,,,Dell,Power Edge 1950,,O10046,,,,
Singapore-SGP-EQIX-SG1,,R0403,19,19,1,,,Dell,Power Edge 1950,,O1OO15,,,,
Singapore-SGP-EQIX-SG1,,R0403,22,22,1,,,Dell,Power Edge 1950,,O1OO14,,,,
Singapore-SGP-EQIX-SG1,,R0403,32,32,1,,spscvpn1,Juniper,,,O32O4,,,,
Singapore-SGP-EQIX-SG1,,R0603,"42,43",43,2,,rtr-sin01-01,Juniper,J6350,JN1204DBIABD,155306,,,,
Singapore-SGP-EQIX-SG1,,R0603,"25,26",26,2,,dnsa-sin01-02,ARBOR,Pravail APS 2000,SGH33468CNW,,,,,
Singapore-SGP-EQIX-SG1,,R0603,"21,22",22,2,,spc5c0n1,HP,ProLiant DL385p G7,FTX1032A30N,18036,,,,
Singapore-SGP-EQIX-SG1,,R0603,"23,24",24,2,,dnsa-sin01-01,HP,ProLiant DL385p G7,SGH33468CNT,,,,,
Singapore-SGP-EQIX-SG1,,R0603,"27,28",28,2,,,HP,ProLiant DL385p G7,PRI-201131018C,,,,,
Singapore-SGP-EQIX-SG1,,R0603,"29,30",30,2,,uvm-sin-02,HP,ProLiant DL385p G7,E39975-002,156086,,,,
Singapore-SGP-EQIX-SG1,,R0603,"31,32",32,2,,uvm-sin-01-01,HP,ProLiant DL385p G7,,156084,,,,
Singapore-SGP-EQIX-SG1,,R0603,"33,34",34,2,,resolver-sin01-01,HP,ProLiant DL385p G7,,155522,,,,
Singapore-SGP-EQIX-SG1,,R0603,"37,38",38,2,,resolver-sin01-02,HP,ProLiant DL385p G7,,,,
Singapore-SGP-EQIX-SG1,,R0603,40,40,1,,sw=-sin01-01,HP,ProLiant DL385p G7,3G2BG0V3PF,,,
Singapore-SGP-EQIX-SG1,,R1420,"2,3",3,2,,dnsa-sin01-08,HP,ProLiant DL385p G8,SGH33951MB,157645,,
Singapore-SGP-EQIX-SG1,,R1420,"4,5",5,2,,dnsa-sin01-07,HP,ProLiant DL385p G8,SGH33951M7,157646,,
Singapore-SGP-EQIX-SG1,,R1420,"6,7",7,2,,dnsa-sin01-06,HP,ProLiant DL385p G8,SGH33951MF,157647,,
Singapore-SGP-EQIX-SG1,,R1420,"8,9",9,2,,dnsa-sin01-05,HP,ProLiant DL385p G8,SGH33951M9,157648,,
Singapore-SGP-EQIX-SG1,,R1420,"10,11",11,2,,dnsa-sin01-04,HP,ProLiant DL385p G8,SGH33951M5,157649,,
Singapore-SGP-EQIX-SG1,,R1420,"12,13",13,2,,dnsa-sin01-03,HP,ProLiant DL385p G8,SGH33951MJ,157650,,
Singapore-SGP-EQIX-SG1,,R1420,"14,15",15,2,,dnsa-sin01-02,HP,ProLiant DL385p G8,SGH33951M3,1577651,,
Singapore-SGP-EQIX-SG1,,R1420,"16,17",17,2,,dnsa-sin01-01,HP,ProLiant DL385p G8,SGH33951MD,147652,,
Singapore-SGP-EQIX-SG1,,R1421,"39,40",40,2,,crt-sins01-01,Juniper,MX5,,157668,,
Singapore-SGP-EQIX-SG1,,R1421,"2,3",3,2,,uvm-sinsp01-04,HP,ProLiant DL385p G8,SGH33951LN,157653,,
Singapore-SGP-EQIX-SG1,,R1421,"4,5",5,2,,uvm-sinsp01-03,HP,ProLiant DL385p G8,SGH33951LR,157654,,
Singapore-SGP-EQIX-SG1,,R1421,"6,7",7,2,,uvm-sinsp01-02,HP,ProLiant DL385p G8,SGH33951LL,157655,,
Singapore-SGP-EQIX-SG1,,R1421,"8,9",9,2,,uvm-sinsp01-01,HP,ProLiant DL385p G8,SGH33951LJ,157656,,
Singapore-SGP-EQIX-SG1,,R1421,"10,11",11,2,,resolver-sinsp01-04,HP,ProLiant DL385p G8,SGH33951LT,157657,,
Singapore-SGP-EQIX-SG1,,R1421,"12,13",13,2,,resolver-sinsp01-03,HP,ProLiant DL385p G8,SGH33951LW,157658,,
Singapore-SGP-EQIX-SG1,,R1421,"14,15",15,2,,resolver-sinsp01-02,HP,ProLiant DL385p G8,SGH33951M1,157659,,
Singapore-SGP-EQIX-SG1,,R1421,"16,17",17,2,,resolver-sinsp01-01,HP,ProLiant DL385p G8,SGH33951LY,157660,,
Singapore-SGP-EQIX-SG1,,R1421,"20,21",21,2,,xtldedge-sins01-03,HP,ProLiant DL385p G8,SGH33951LB,157661,,
Singapore-SGP-EQIX-SG1,,R1421,"22,23",23,2,,xtldedge-sins01-02,HP,ProLiant DL385p G8,SGH33951LF,157662,,
Singapore-SGP-EQIX-SG1,,R1421,"24,25",25,2,,xtldedge-sins01-01,HP,ProLiant DL385p G8,SGH33951LD,157663,,
Singapore-SGP-EQIX-SG1,,R1422,39,39,1,,,MRV,4000T,,157670,,
Singapore-SGP-EQIX-SG1,,R1422,19,19,1,,,Cisco,Catalyst 3750 X,(01)07898362232633,,,
Singapore-SGP-EQIX-SG1,,R1422,7,7,1,,,Juniper,EX4550,LX0213408671,,,
Singapore-SGP-EQIX-SG1,,R1422,"5,6,7,8,9,10,11,12,13,14,15,16,17,18",18,14,,rtr1sin,Juniper,MX960,,157669,,
Singapore-SGP-EQIX-SG1,,R1422,22.23,23,2,,,HP,ProLiant DL385p G7,SGH3384E0L,157664,,
Singapore-SGP-EQIX-SG1,,R1422,24.25,25,2,,,HP,ProLiant DL385p G7,SGH3384E0W,157666,,
Singapore-SGP-EQIX-SG1,,R1422,26.27,27,2,,,HP,ProLiant DL385p G7,SGH3384E0T,,,
Singapore-SGP-EQIX-SG1,,R1422,"1,2,3,4,5,6",6,6,,,ARBOR,,,,,
Singapore-SGP-EQIX-SG1,,R1422,20.21,21,2,,,CITRIX,,MJUJK29TN,157665,,
Sydney-AUS-EQIX,,527,28,28,1,,sw-syd01,HP,E3800,,,,
Sydney-AUS-EQIX,,527,"30,31",31,2,,rtr-syd01-01,Juniper,J6350,,,,
Sydney-AUS-EQIX,,527,"14,15",15,2,,,ARBOR,Pravail APS 2000,,,,
Sydney-AUS-EQIX,,527,"33,34,35",35,3,,mn1au (currently powered off),HP,ProLiant DL385 G5,,,,
Sydney-AUS-EQIX,,527,"25,26",26,2,,resolver.syd01,HP,ProLiant DL385 G7,,,,
Sydney-AUS-EQIX,,527,"22,23",23,2,,resolver.syd02,HP,ProLiant DL385 G7,,,,
Sydney-AUS-EQIX,,527,"19,20",20,2,,uvm.syd01,HP,ProLiant DL385 G7,,,,
Sydney-AUS-EQIX,,527,"16,17",17,2,,uvm.syd02,HP,ProLiant DL385 G7,,,,
Sydney-AUS-EQIX,,527,"12,13",13,2,,dnsa.syd01-01,HP,ProLiant DL385 G8,,,,
Sydney-AUS-EQIX,,527,"10,11",11,2,,dnsa.syd01-02,HP,ProLiant DL385 G8,,,,
Sydney-AUS-EQIX,,527,"40,41",41,2,,mn1au,HP,ProLint DL380 G5,,,,
Sydney-AUS-EQIX,,527,39,39,1,,auulmnssg140a,Juniper,SSG 140,,,,
Taipei-TWN-NTT,,4H33,,,,,,HP,E3800,,,,
Taipei-TWN-NTT,,4H33,,,,,,Juniper,J6350,,,,
Taipei-TWN-NTT,,4H33,,,,,,ARBOR,Pravail APS 2000,,,,
Taipei-TWN-NTT,,4H33,,,,,resolver-ver-spe-01-01,HP,ProLiant DL385 G7,,,,
Taipei-TWN-NTT,,4H33,,,,,resolver-ver-spe-01-02,HP,ProLiant DL385 G7,,,,
Taipei-TWN-NTT,,4H33,,,,,uvm-spe-01-01,HP,ProLiant DL385 G7,,,,
Taipei-TWN-NTT,,4H33,,,,,uvm-spe-01-02,HP,ProLiant DL385 G7,,,,
Tokyo-JPN-NTT,,T6A113,37,37,1,on,sw-nrt01-01,HP,E3800,SG26G0V4JM,,,
Tokyo-JPN-NTT,,T6A113,"39,40",40,2,on,rtr-nrt01-01,Juniper ,J6350,JN11F8DF7ADB,,,
Tokyo-JPN-NTT,,T6A113,"19,20",20,2,on,,ARBOR ,Pravail APS 2000,PR1:20131086C,,,
Tokyo-JPN-NTT,,T6A113,"34,35",35,2,on,resolver-nrt-01-01,HP,ProLiant DL385p G8,USE248N9KM,,,
Tokyo-JPN-NTT,,T6A113,"31,32",32,2,on,resolver-nrt-01-02,HP,ProLiant DL385p G8,USE248N9KF,,,
Tokyo-JPN-NTT,,T6A113,"28,29",29,2,on,uvm-nrt-01-01,HP,ProLiant DL385p G8,USE249NMXT,,,
Tokyo-JPN-NTT,,T6A113,"25,26",26,2,on,uvm-nrt-01-02,HP,ProLiant DL385p G8,USE249NMX6,,,
Tokyo-JPN-NTT,,T6A113,"15,16",16,2,on,dnsa-nrt-01-01,HP,ProLiant DL385p G8,ARB200489-B,,,
Tokyo-JPN-NTT,,T6A113,"13,14",14,2,on,dnsa-nrt-01-02,HP,ProLiant DL385p G8,2M41413D0A,,,
Tokyo-JPN-NTT,,T6A113,23,23,1,on,129001563 rev 1b,,,,,,
Toronto-CAN-LVLT,,,40,40,1,,,HP,E3800,,152822,,
Toronto-CAN-LVLT,,,42,42,1,,,Juniper,J6350,,152821,,
Toronto-CAN-LVLT,,,27,27,1,,,ARBOR,Pravail APS 2000,,157888,,
Toronto-CAN-LVLT,,,38,38,1,,,HP,ProLiant DL385 G7,,152825,,
Toronto-CAN-LVLT,,,35,35,1,,,HP,ProLiant DL385 G7,,152826,
Toronto-CAN-LVLT,,,32,32,1,,,HP,ProLiant DL385 G7,,152823,
Toronto-CAN-LVLT,,,29,29,1,,,HP,ProLiant DL385 G7,,152824,
Toronto-CAN-LVLT,,,25,25,1,,,HP,ProLiant DL385p G8,,157889,
Toronto-CAN-LVLT,,,23,23,1,,,HP,ProLiant DL385p G8,,157890,
Vancouver-CA-Cologix,,,38,38,1,,switch yvr01-01,HP,E3800,,,
Vancouver-CA-Cologix,,,"40,41",41,2,,router yvr01-01,Juniper,J6350,,,
Vancouver-CA-Cologix,,,"23,24",34,2,,,ARBOR,Pravail APS 2000,,157885,
Vancouver-CA-Cologix,,,,,,,,HP,ProLiant DL385 G7,1026XF7003,,
Vancouver-CA-Cologix,,,"21,22",22,2,,,HP,ProLiant DL385p G8,,157886,
Vancouver-CA-Cologix,,,"19,20",20,2,,,HP,ProLiant DL385p G8,,157887,
Vancouver-CA-Cologix,,,"35,36",36,2,,resolver yvr01,,,,152832,
Vancouver-CA-Cologix,,,"32,33",33,2,,resolver yvr02,,,,152831,
Vancouver-CA-Cologix,,,"29,30",30,2,,resolver uvm-yvr-01,,,,152830,
Vancouver-CA-Cologix,,,"26,27",37,2,,resolver uvm-yvr-02,,,,152829,
Atlanta-GA-CenturyLink,,1,36,36,1,,,F5,,,,
Atlanta-GA-CenturyLink,,1,35,35,1,,,F5,,
Atlanta-GA-CenturyLink,,1,34,34,1,,,F5,,
Atlanta-GA-CenturyLink,,1,28,28,1,,,Dell,Power Edge R300,
Atlanta-GA-CenturyLink,,1,27,27,1,,,Dell,Power Edge R300,
Atlanta-GA-CenturyLink,,1,26,26,1,,,Dell,Power Edge R300,
Atlanta-GA-CenturyLink,,1,25,25,1,,,Dell,Power Edge R300,
Atlanta-GA-CenturyLink,,1,24,24,1,,,Dell,Power Edge R1435,
Atlanta-GA-CenturyLink,,1,23,23,1,,,Dell,Power Edge R300,
Atlanta-GA-CenturyLink,,1,22,22,1,,,Dell,Power Edge R300,
Atlanta-GA-CenturyLink,,1,"20,21",21,2,,,,,
Atlanta-GA-CenturyLink,,1,"18,19",19,2,,,,,
Atlanta-GA-CenturyLink,,1,"16,17",17,2,,,Dell,Power Edge R720,
Atlanta-GA-CenturyLink,,1,"14,15",15,2,,,Dell,Power Edge R720,
Atlanta-GA-CenturyLink,,1,"12,13",13,2,,,Dell,Power Edge R720,
Beijing-CHN-CNNIC,,A614,2,2,1,,,Juniper,J6350,
Beijing-CHN-CNNIC,,A61472 ,"3,4",4,2,,,Cisco,3750,
Beijing-CHN-CNNIC,,A61472 ,"5,6",6,2,,,HP,ProLiant DL385 G7,
Beijing-CHN-CNNIC,,A61472 ,"7,8",8,2,,,HP,ProLiant DL385 G7,
Beijing-CHN-CNNIC,,A61472 ,"9,10",10,2,,,HP,ProLiant DL385 G7,
Beijing-CHN-CNNIC,,A61472 ,"11,12",12,2,,,HP,ProLiant DL385 G7,
Beijing-CHN-CNNIC,,A61472 ,"13,14",14,2,,,ARBOR,Pravail APS 2000,
Beijing-CHN-CNNIC,,A61472 ,"15,16",16,2,,,HP,ProLiant DL385 G7,
Beijing-CHN-CNNIC,,A61472 ,"17,18",18,2,,,HP,ProLiant DL385 G7,
McLean-VA-EQIX-DC7,,103,1,1,1,,abkvm1,Dell,,
McLean-VA-EQIX-DC7,,103,22,22,1,,,TRIPP- LITE,,
McLean-VA-EQIX-DC7,,103,"27,28",28,2,,abwebutil,Dell,E02S,
McLean-VA-EQIX-DC7,,103,36,36,1,,,SourceFire,,
McLean-VA-EQIX-DC7,,103,42,42,1,,,Cisco,Catalyst 2960G,
McLean-VA-EQIX-DC7,,103,44,44,1,,,Cisco,Catalyst 3750G,
McLean-VA-EQIX-DC7,,103,45,45,1,,,Cisco,Catalyst 3750G,
McLean-VA-EQIX-DC7,,104,"21,22",22,2,,abweb2,Dell,Power Edge R710,
McLean-VA-EQIX-DC7,,104,"23,24",24,2,,abweb1,Dell,Power Edge R710,
McLean-VA-EQIX-DC7,,104,"25,26",26,2,,abweb4,Dell,Power Edge R720,
McLean-VA-EQIX-DC7,,104,"27,28",28,2,,abweb3,Dell,Power Edge R720,
McLean-VA-EQIX-DC7,,104,30,30,1,,internal,Dell,Power Edge R610,
McLean-VA-EQIX-DC7,,104,31,31,1,,external,Dell,Power Edge R610,
McLean-VA-EQIX-DC7,,104,32,32,1,,,F5,3600,
McLean-VA-EQIX-DC7,,104,"33,34,35,36",36,4,,,F5,Viprion C2400,
McLean-VA-EQIX-DC7,,104,"42,43",43,2,,,Cisco,2921,
McLean-VA-EQIX-DC7,,104,"44,45",45,2,,,Cisco,ASR 1002,
Palo Alto-CA-PXPA,,81015:0702  ,,,,on,,,,
Palo Alto-CA-PXPA,,81015:0702  ,,,,on,mrv1pxpa,,,
Palo Alto-CA-PXPA,,81015:0702  ,,,,on,sw1pxpa,,,
Palo Alto-CA-PXPA,,81015:0702  ,,,,on,mxb1pxpa,,,
Palo Alto-CA-PXPA,,81015:0702  ,,,,on,xfr1pxpa,,,
Palo Alto-CA-PXPA,,81015:0702  ,,,,on,adm1n1pxpa,,,
Palo Alto-CA-PXPA,,81015:0702  ,,,,on,udns6pxpa,,,
Palo Alto-CA-PXPA,,81015:0702  ,,,,off,,,,
Palo Alto-CA-PXPA,,81015:0702  ,,,,on,lb4pxpa,,,
Palo Alto-CA-PXPA,,81015:0702  ,,,,on,lb3pxpa,,,
Palo Alto-CA-PXPA,,81015:0702  ,,,,on,logc1pxpa,,,
Palo Alto-CA-PXPA,,81015:0702  ,,,,on,neteng1pxpa,,,
Palo Alto-CA-PXPA,,81015:0702  ,,,,on,pcap2pxpa,,,
Palo Alto-CA-PXPA,,81015:0702  ,,,,on,pcap1pxpa,,,
Palo Alto-CA-PXPA,,81015:1210 ,,,,off,leafdb4pxpa,,,
Palo Alto-CA-PXPA,,81015:1210 ,,,,off,leafdb3pxpa,,,
Palo Alto-CA-PXPA,,81015:1211 ,,,,off,rtrpxpa,,,
Palo Alto-CA-PXPA,,81015:1211 ,,,,on,udns3pxpa,,,
Palo Alto-CA-PXPA,,81015:1211 ,,,,on,mrv2pxpa,,,
Palo Alto-CA-PXPA,,81015:1211 ,,,,on,,HP,ProLiant DL385 G5,
Palo Alto-CA-PXPA,,81015:1211 ,,,,on,weblb2pxpa,,,
Palo Alto-CA-PXPA,,81015:1211 ,,,,on,tldsec2xpa,,,
Palo Alto-CA-PXPA,,81015:1211 ,,,,on,api2pxpa,,,
Palo Alto-CA-PXPA,,81015:1211 ,,,,on,cdb1pxpa,,,
Palo Alto-CA-PXPA,,81015:1211 ,,,,off,leafdb4pxpa ,,,
Palo Alto-CA-PXPA,,81015:1211 ,,,,on,ftp1eqsj,,,
Palo Alto-CA-PXPA,,81015:1211 ,,,,on,weblb1pxpa,,,
Palo Alto-CA-PXPA,,81015:1211 ,,,,on,tldsec1pxpa,,,
Palo Alto-CA-PXPA,,81015:1212 ,,,,on,sansw1pxpa,,,
Palo Alto-CA-PXPA,,81015:1212 ,,,,on,sansw2pxpa,,,
Palo Alto-CA-PXPA,,81015:1212 ,,,,off,monxm1pxpa,,,
Palo Alto-CA-PXPA,,81015:1212 ,,,,on,cdb1pxpa,,,
Palo Alto-CA-PXPA,,81015:1212 ,,,,on,leafdb4pxpa,,,
Palo Alto-CA-PXPA,,81015:1212 ,,,,off,signer2pxpa,,,
Palo Alto-CA-PXPA,,81015:1212 ,,,,off,cassandra1pxpa,,,
Palo Alto-CA-PXPA,,81015:1212 ,,,,off,signer1pxpa,,,
Palo Alto-CA-PXPA,,81015:1212 ,,,,off,cassandra2pxpa,,,
Palo Alto-CA-PXPA,,81015:1212 ,,,,on,cx1bpxpa,,,
Palo Alto-CA-PXPA,,82020:0702,,,,on,sw4pxpa,,,
Palo Alto-CA-PXPA,,82020:0702,,,,on,mrv4pxpa,,,
Palo Alto-CA-PXPA,,82020:0702,,,,off,mrv5pxpa,,,
Palo Alto-CA-PXPA,,82020:0702,,,,on,dnsawp2pxpa,,,
Palo Alto-CA-PXPA,,82020:0702,,,,off,swspxpa,,,
Palo Alto-CA-PXPA,,82020:0702,,,,on,dnsawp1pxpa,,,
Palo Alto-CA-PXPA,,82020:0702,,,,off,dnsamdb1pxpa,,,
Palo Alto-CA-PXPA,,82020:0702,,,,on,sbm1pxpa,,,
Palo Alto-CA-PXPA,,82020:0702,,,,on,sba1pxpa,,,
Palo Alto-CA-PXPA,,82020:0702,,,,off,sshgwpxpa,,,
Palo Alto-CA-PXPA,,82020:0702,,,,off,monxm2pxpa,,,
Palo Alto-CA-PXPA,,82020:0702,,,,on,dnsacp1pxpa,,,
Palo Alto-CA-PXPA,,82020:0702,,,,on,wedcrs2pxpa,,,
Palo Alto-CA-PXPA,,82020:0702,,,,off,wedcrs1pxpa,,,
Palo Alto-CA-PXPA,,82020:0702,,,,on,api1pxpa,,,
Palo Alto-CA-PXPA,,82020:0702,,,,off,ds1pxpa,,,
Palo Alto-CA-PXPA,,82020:0702,,,,on,ui1pxpa,,,
Palo Alto-CA-PXPA,,82020:1802,,,,on,sba1pxpa,,,
Palo Alto-CA-PXPA,,82020:1802,,,,on,sw3pxpa,,,
Palo Alto-CA-PXPA,,82020:1802,,,,on,sbm1pxpa,,,
Palo Alto-CA-PXPA,,82020:1802,,,,on,mrv3pxpa,,,
Palo Alto-CA-PXPA,,82020:1802,,,,off,sndu1pxpa,,,
Palo Alto-CA-PXPA,,82020:1802,,,,off,cds2pxpa,,,
Palo Alto-CA-PXPA,,82020:1802,,,,off,cds1pxpa,,,
Palo Alto-CA-PXPA,,82020:1802,,,,off,ntap1pxpa,,,
Palo Alto-CA-PXPA,,82020:1802,,,,off,ntap2pxpa,,,
Palo Alto-CA-PXPA,,82020:1802,,,,on,xfr2pxpa,,,
Palo Alto-CA-PXPA,,82020:1802,,,,on,mxb2pxpa,,,
Palo Alto-CA-PXPA,,82020:1802,,,,on,rdns2pxpa,,,
Palo Alto-CA-PXPA,,82020:1802,,,,on,rdns3pxpa,,,
Palo Alto-CA-PXPA,,82020:1802,,,,on,rr1pxpa,,,
Palo Alto-CA-PXPA,,82020:1802,,,,on,tms1pxpa,,,
Palo Alto-CA-PXPA,,82020:1802,,,,on,,Juniper,M120,
New York-NY-PAIX,,401,,,,off,ddosapp2pxny,,,
New York-NY-PAIX,,401,,,,off,ddosapp1pxny ,,,
New York-NY-PAIX,,401,,,,on,pcap1pxny ,,,
New York-NY-PAIX,,401,,,,on,udns1pxny ,,,
New York-NY-PAIX,,401,,,,on,pcap2pxny ,,,
New York-NY-PAIX,,401,,,,on,sfdb1pxny ,,,
New York-NY-PAIX,,401,,,,off,webcrs2pxny ,,,
New York-NY-PAIX,,401,,,,on,cdb1pxny,,,
New York-NY-PAIX,,401,,,,on,sbm1pxny ,,,
New York-NY-PAIX,,401,,,,on,sba1pxny ,,,
New York-NY-PAIX,,401,,,,on,axfr1pxny ,,,
New York-NY-PAIX,,401,,,,on,xfr2pxny ,,,
New York-NY-PAIX,,401,,,,on,mddisshgw1pxny ,,,
New York-NY-PAIX,,401,,,,on,singer2pxny ,,,
New York-NY-PAIX,,401,,,,on,singer1pxny ,,,
New York-NY-PAIX,,401,,,,on,mowxm1pxny ,,,
New York-NY-PAIX,,401,,,,off,ui2pxny ,,,
New York-NY-PAIX,,301,,,,on,sbm1pxny ,,,
New York-NY-PAIX,,301,,,,on,admin1pxny,,,
New York-NY-PAIX,,301,,,,on,crs1pxny ,,,
New York-NY-PAIX,,301,,,,on,vpn1pxny ,,,
New York-NY-PAIX,,301,,,,off,webcrs1pxny ,,,
New York-NY-PAIX,,301,,,,on,cdb1pxny ,,,
New York-NY-PAIX,,301,,,,on,mddipr1pxny ,,,
New York-NY-PAIX,,301,,,,on,tldsec2pxny ,,,
New York-NY-PAIX,,301,,,,on,api1pxny ,,,
New York-NY-PAIX,,301,,,,on,rdns3pxny ,,,
New York-NY-PAIX,,301,,,,on,sndu1pxny,,,
New York-NY-PAIX,,301,,,,on,tldsec1pxny ,,,
New York-NY-PAIX,,301,,,,on,leafdb4pxny ,,,
New York-NY-PAIX,,301,,,,off,ui4pxny ,,,
New York-NY-PAIX,,301,,,,on,ui3pxny ,,,
New York-NY-PAIX,,301,,,,on,logic1pxny ,,,
New York-NY-PAIX,,301,,,,on,sans1pxny ,,,
New York-NY-PAIX,,301,,,,on,sans2pxny ,,,
New York-NY-PAIX,,301,,,,on,cx1bpxny ,,,
New York-NY-PAIX,,301,,,,on,nsr1e1.f ,,,
New York-NY-PAIX,,301,,,,on,nsr1e2.f ,,,
New York-NY-PAIX,,106,,,,on,tms1pxny,,,
New York-NY-PAIX,,106,,,,on,rr1pxny ,,,
New York-NY-PAIX,,106,,,,off,cds2pxny ,,,
New York-NY-PAIX,,106,,,,off,cds1pxny ,,,
New York-NY-PAIX,,106,,,,off,ssba1eqsj ,,,
New York-NY-PAIX,,101,,,,off,ui4pxny ,,,
New York-NY-PAIX,,101,,,,off,ui3pxny ,,,
New York-NY-PAIX,,101,,,,on,logic1pxny ,,,
New York-NY-PAIX,,101,,,,on,sans1pxny ,,,
New York-NY-PAIX,,101,,,,on,sans2pxny ,,,
New York-NY-PAIX,,101,,,,on,cx1bpxny ,,,
New York-NY-PAIX,,101,,,,on,nsr1e1.f ,,,
New York-NY-PAIX,,101,,,,on,nsr1e2.f ,,,
Amsterdam-NLD-Telecity-1,,214,25,25,1,,atnrppqdb3,HP,ProLiant DL360p G8,
Amsterdam-NLD-Telecity-1,,214,23,23,1,,atnrppqdb4,HP,ProLiant DL360p G8,
Amsterdam-NLD-Telecity-1,,214,"19,20",20,2,,atnrq2200la1,A10,AX2200,
Amsterdam-NLD-Telecity-1,,214,"17,18",18,2,,atnrq2200la2,A10,AX2200,
Amsterdam-NLD-Telecity-1,,215,"38,39,40",40,3,,atnrq3845b,Cisco,3845-MB,
Amsterdam-NLD-Telecity-1,,215,"33,34,35,36,37",37,5,,atnrq6504b,Cisco,WS-C6504E,
Amsterdam-NLD-Telecity-1,,215,32,32,1,,atnrq5550a2,Cisco,ASA 5550,
Amsterdam-NLD-Telecity-1,,215,31,31,1,,atnrq5550b2,Cisco,ASA 5550,
Amsterdam-NLD-Telecity-1,,215,"26,27,28,29,30",30,5,,atnrq11506a2,Cisco,11500,
Amsterdam-NLD-Telecity-1,,215,23,23,1,,antrpprqdb2,HP,ProLiant DL360p G5,
Amsterdam-NLD-Telecity-1,,215,21,21,1,,antrpprqen2,HP,ProLiant DL360p G5,
Amsterdam-NLD-Telecity-1,,215,20,20,1,,antrpprqen4,HP,ProLiant DL360p G5,
Amsterdam-NLD-Telecity-1,,215,18,18,1,,atgspprxm2,HP,ProLiant DL360p G7,
Amsterdam-NLD-Telecity-1,,215,17,17,1,,atnrpprzt2,HP,ProLiant DL360p G5,
Amsterdam-NLD-Telecity-1,,215,"15,16",16,2,,,SUN,X4270,
Amsterdam-NLD-Telecity-1,,216,"38,39,40",40,3,,atnrq3845a,Cisco,3845-MB,
Amsterdam-NLD-Telecity-1,,216,"33,34,35,36,37",37,5,,atnrq6504a,Cisco,WS-C6504E,
Amsterdam-NLD-Telecity-1,,216,32,32,1,,atnrq5550a1,Cisco,ASA 5550,
Amsterdam-NLD-Telecity-1,,216,31,31,1,,atnrq5550b1,Cisco,ASA 5550,
Amsterdam-NLD-Telecity-1,,216,"26,27,28,29,30",30,5,,atnrq11506a1,Cisco,11500,
Amsterdam-NLD-Telecity-1,,216,24,24,1,,atnrqcon1,DIGI,CM16,
Amsterdam-NLD-Telecity-1,,216,23,23,1,,atnrpprqdb1,HP,ProLiant DL360p G5,
Amsterdam-NLD-Telecity-1,,216,21,21,1,,atnrppren1,HP,ProLiant DL360p G5,
Amsterdam-NLD-Telecity-1,,216,20,20,1,,atnrppren3,HP,ProLiant DL360p G5,
Amsterdam-NLD-Telecity-1,,216,18,18,1,,atgspprxm1,HP,ProLiant DL360p G7,
Amsterdam-NLD-Telecity-1,,216,17,17,1,,atnrpprzt1,HP,ProLiant DL360p G5,
Amsterdam-NLD-Telecity-1,,217,39,39,1,,atnrpprbk1,HP,ProLiant DL360p G5,
Amsterdam-NLD-Telecity-1,,218,"39,40",40,2,,antrp3845b,Cisco,3845-MB,
Amsterdam-NLD-Telecity-1,,218,"33,34,35,36,37",37,5,,atnrq6504b,Cisco,WS-C6504E,
Amsterdam-NLD-Telecity-1,,218,32,32,1,,atnrpb5550a2,Cisco,ASA 5550,
Amsterdam-NLD-Telecity-1,,218,31,31,1,,atnrpb5550b2,Cisco,ASA 5550,
Amsterdam-NLD-Telecity-1,,218,"26,27,28,29,30",30,5,,atnrq11506a,Cisco,11500,
Amsterdam-NLD-Telecity-1,,218,23,23,1,,atnrpprmdb2,HP,ProLiant DL360p G5,
Amsterdam-NLD-Telecity-1,,218,21,21,1,,atnrpprmfs1,HP,ProLiant DL360p G5,
Amsterdam-NLD-Telecity-1,,218,19,19,1,,atnrpprmwb2,HP,ProLiant DL360p G5,
Amsterdam-NLD-Telecity-1,,218,17,17,1,,atnrpprmst1,HP,ProLiant DL360p G5,
Amsterdam-NLD-Telecity-1,,218,"14,15",15,2,,atnrpprcdb2,HP,ProLiant DL360p G5,
Amsterdam-NLD-Telecity-1,,218,"10,12,13",13,3,,atnrpprmdb10,HP,ProLiant DL360p G5,
Amsterdam-NLD-Telecity-1,,219,"38,39,40",40,3,,atnrp6504a,Cisco,WS-C6504E,
Amsterdam-NLD-Telecity-1,,219,32,32,1,,atnr5550a1,Cisco,ASA 5550,
Amsterdam-NLD-Telecity-1,,219,31,31,1,,atnr5550b1,Cisco,ASA 5550,
Amsterdam-NLD-Telecity-1,,219,"26,27,28,29,30",30,5,,atnrp11506a1,Cisco,11500,
Amsterdam-NLD-Telecity-1,,219,24,24,1,,atnrpcon1,DIGI,CM16,
Amsterdam-NLD-Telecity-1,,219,23,23,1,,atnrpprmdb1,HP,ProLiant DL360p G5,
Amsterdam-NLD-Telecity-1,,219,21,21,1,,atnrpprcdb1,HP,ProLiant DL360p G5,
Amsterdam-NLD-Telecity-1,,219,19,19,1,,atnrpprrwb1,HP,ProLiant DL360p G5,
Amsterdam-NLD-Telecity-1,,219,17,17,1,,atnrpprrlp1,HP,ProLiant DL360p G5,
Amsterdam-NLD-Telecity-1,,219,"10,11,12,13,14,15",15,5,,atnrpprmdb11,HP,ProLiant DL360p G5,
Santa Clara-CA-Savvis,,02.2345.D07,43,43,1,,scmgmt05,,,
Santa Clara-CA-Savvis,,02.2345.D07,41,41,1,,scco7124sa,,,
Santa Clara-CA-Savvis,,02.2345.D07,"39,40",40,2,,,Super Micro ,2U,
Santa Clara-CA-Savvis,,02.2345.D07,"37,38",38,2,,,Super Micro ,2U,
Santa Clara-CA-Savvis,,02.2345.D07,"35,36",36,2,,,Super Micro ,2U,
Santa Clara-CA-Savvis,,02.2345.D07,"33,34",34,2,,,Super Micro ,2U,
Santa Clara-CA-Savvis,,02.2345.D07,"31,32",32,2,,,Super Micro ,2U,
Santa Clara-CA-Savvis,,02.2345.D07,"29,30",30,2,,,Super Micro ,2U,
Santa Clara-CA-Savvis,,02.2345.D07,"27,28",28,2,,,Super Micro ,2U,
Santa Clara-CA-Savvis,,02.2345.D07,"25,26",26,2,,,Super Micro ,2U,
Santa Clara-CA-Savvis,,02.2345.D07,"21,22",22,2,,,Super Micro ,2U,
Santa Clara-CA-Savvis,,02.2345.D08,42,42,1,,scco7124sb,,,
Santa Clara-CA-Savvis,,02.2345.D09,41,41,1,,scco7148sa,,,
Santa Clara-CA-Savvis,,02.2345.D10,"39,40",40,2,,,Super Micro ,2U,
Santa Clara-CA-Savvis,,02.2345.D11,"37,38",38,2,,,Super Micro ,2U,
Santa Clara-CA-Savvis,,02.2345.D12,"35,36",36,2,,,Super Micro ,2U,
Santa Clara-CA-Savvis,,02.2345.D13,"33,34",34,2,,,Super Micro ,2U,
Santa Clara-CA-Savvis,,02.2345.D14,"31,32",32,2,,,Super Micro ,2U,
Santa Clara-CA-Savvis,,02.2345.D15,"29,30",30,2,,,Super Micro ,2U,
Santa Clara-CA-Savvis,,02.2345.D16,"27,28",28,2,,,Super Micro ,2U,
Santa Clara-CA-Savvis,,02.2345.D17,"25,26",26,2,,,Super Micro ,2U,
Santa Clara-CA-Savvis,,02.2345.D18,"23,24",24,2,,,Super Micro ,2U,
Santa Clara-CA-Savvis,,02.2345.D19,"21,22",22,2,,,Super Micro ,2U,
Santa Clara-CA-Savvis,,02.2345.C02,41,41,1,,scco7124se,,,
Santa Clara-CA-Savvis,,02.2345.C02,"37,38",38,2,,server-helium 62,,,
Santa Clara-CA-Savvis,,02.2345.C02,"35,36",36,2,,server-helium 64,,,
Santa Clara-CA-Savvis,,02.2345.C02,"33,34",34,2,,server-helium 66,,,
Santa Clara-CA-Savvis,,02.2345.C02,"31,32",32,2,,server-helium 68,,,
Santa Clara-CA-Savvis,,02.2345.C02,"29,30",30,2,,server-helium 70,,,
Santa Clara-CA-Savvis,,02.2345.C02,"27,28",28,2,,server-helium 72,,,
Santa Clara-CA-Savvis,,02.2345.C02,"25,26",26,2,,server-helium 74,,,
Santa Clara-CA-Savvis,,02.2345.C02,"23,24",24,2,,server-helium 76,,,
Santa Clara-CA-Savvis,,02.2345.C02,"21,22",22,2,,server-helium 78,,,
Santa Clara-CA-Savvis,,02.2345.C02,"19,20",20,2,,server-helium 80,,,
Santa Clara-CA-Savvis,,02.2345.C03,42,42,1,,,Brocade,FCX6485,
Santa Clara-CA-Savvis,,02.2345.C03,41,41,1,,scco7124sf,,,
Santa Clara-CA-Savvis,,02.2345.C03,40,40,1,,,Brocade,FCX6485,
Santa Clara-CA-Savvis,,02.2345.C03,39,39,1,,,Brocade,FCX6485,
Santa Clara-CA-Savvis,,02.2345.C03,38,38,1,,server - vm10,,,
Santa Clara-CA-Savvis,,02.2345.C03,36,36,1,,server - vm12,,,
Santa Clara-CA-Savvis,,02.2345.C03,34,34,1,,server - vm14,,,
Santa Clara-CA-Savvis,,02.2345.C03,"30,31",31,2,,research01,,,
Santa Clara-CA-Savvis,,02.2345.C03,"28,29",29,2,,research02,,,
Santa Clara-CA-Savvis,,02.2345.C03,"26,27",27,2,,research03,,,
Santa Clara-CA-Savvis,,02.2345.C03,24,24,1,,,HP,ProLiant DL360p G8,
Santa Clara-CA-Savvis,,02.2345.C03,22,22,1,,,HP,ProLiant DL360p G8,
Santa Clara-CA-Savvis,,02.2345.C03,20,20,1,,,HP,ProLiant DL360p G8,
Santa Clara-CA-Savvis,,02.2345.C03,18,18,1,,,HP,ProLiant DL360p G8,
Santa Clara-CA-Savvis,,02.2345.D09,42,42,1,,scco7124sc,,,
Santa Clara-CA-Savvis,,02.2345.D09,41,41,1,,hellion021,,,
Santa Clara-CA-Savvis,,02.2345.D09,40,40,1,,hellion022,,,
Santa Clara-CA-Savvis,,02.2345.D09,39,39,1,,hellion023,,,
Santa Clara-CA-Savvis,,02.2345.D09,38,38,1,,hellion024,,,
Santa Clara-CA-Savvis,,02.2345.D09,37,37,1,,hellion025,,,
Santa Clara-CA-Savvis,,02.2345.D09,36,36,1,,hellion026,,,
Santa Clara-CA-Savvis,,02.2345.D09,35,35,1,,hellion027,,,
Santa Clara-CA-Savvis,,02.2345.D09,34,34,1,,hellion028,,,
Santa Clara-CA-Savvis,,02.2345.D09,33,33,1,,hellion029,,,
Santa Clara-CA-Savvis,,02.2345.D09,32,32,1,,hellion030,,,
Santa Clara-CA-Savvis,,02.2345.D09,31,31,1,,hellion031,,,
Santa Clara-CA-Savvis,,02.2345.D09,30,30,1,,hellion032,,,
Santa Clara-CA-Savvis,,02.2345.D09,29,29,1,,hellion033,,,
Santa Clara-CA-Savvis,,02.2345.D09,28,28,1,,hellion034,,,
Santa Clara-CA-Savvis,,02.2345.D09,27,27,1,,hellion035,,,
Santa Clara-CA-Savvis,,02.2345.D09,26,26,1,,hellion036,,,
Santa Clara-CA-Savvis,,02.2345.D09,25,25,1,,hellion037,,,
Santa Clara-CA-Savvis,,02.2345.D09,24,24,1,,hellion038,,,
Santa Clara-CA-Savvis,,02.2345.D09,23,23,1,,hellion039,,,
Santa Clara-CA-Savvis,,02.2345.D09,22,22,1,,hellion040,,,
Santa Clara-CA-Savvis,,02.2345.D10,43,43,1,,scmgmt6,,,
Santa Clara-CA-Savvis,,02.2345.D10,42,42,1,,scco7124sd,,,
Santa Clara-CA-Savvis,,02.2345.D10,41,41,1,,hellion041,,,
Santa Clara-CA-Savvis,,02.2345.D10,40,40,1,,hellion042,,,
Santa Clara-CA-Savvis,,02.2345.D10,39,39,1,,hellion043,,,
Santa Clara-CA-Savvis,,02.2345.D10,38,38,1,,hellion044,,,
Santa Clara-CA-Savvis,,02.2345.D10,37,37,1,,hellion045,,,
Santa Clara-CA-Savvis,,02.2345.D10,36,36,1,,hellion046,,,
Santa Clara-CA-Savvis,,02.2345.D10,35,35,1,,hellion047,,,
Santa Clara-CA-Savvis,,02.2345.D10,34,34,1,,hellion048,,,
Santa Clara-CA-Savvis,,02.2345.D10,33,33,1,,hellion049,,,
Santa Clara-CA-Savvis,,02.2345.D10,32,32,1,,hellion050,,,
Santa Clara-CA-Savvis,,02.2345.D10,31,31,1,,hellion051,,,
Santa Clara-CA-Savvis,,02.2345.D10,30,30,1,,hellion052,,,
Santa Clara-CA-Savvis,,02.2345.D10,29,29,1,,hellion053,,,
Santa Clara-CA-Savvis,,02.2345.D10,28,28,1,,hellion054,,,
Santa Clara-CA-Savvis,,02.2345.D10,27,27,1,,hellion055,,,
Santa Clara-CA-Savvis,,02.2345.D10,26,26,1,,hellion056,,,
Santa Clara-CA-Savvis,,02.2345.D10,25,25,1,,hellion057,,,
Santa Clara-CA-Savvis,,02.2345.D10,24,24,1,,hellion058,,,
Santa Clara-CA-Savvis,,02.2345.D10,23,23,1,,hellion059,,,
Santa Clara-CA-Savvis,,02.2345.D10,22,22,1,,hellion060,,,
Santa Clara-CA-Savvis,,02.2345.C04,42,42,1,,,Brocade,,
Santa Clara-CA-Savvis,,02.2345.C04,41,41,1,,scco7124sg,,,
Santa Clara-CA-Savvis,,02.2345.C04,38,38,1,,server - vm11,,,
Santa Clara-CA-Savvis,,02.2345.C04,36,36,1,,server - vm11,,,
Santa Clara-CA-Savvis,,02.2345.C04,34,34,1,,server - vm11,,,
Santa Clara-CA-Savvis,,02.2345.C04,"31,32",32,2,,,HP,ProLiant DL360p G8,
Santa Clara-CA-Savvis,,02.2345.C04,"28,29",29,2,,,HP,ProLiant DL360p G8,
Santa Clara-CA-Savvis,,02.2345.C04,"25,26",26,2,,,HP,ProLiant DL360p G8,
Santa Clara-CA-Savvis,,02.2345.C04,"22,23",23,2,,standby02,Dell,Power Edge R710,
Santa Clara-CA-Savvis,,02.2345.C04,"20,21",21,2,,,Dell,Power Edge R710,
Santa Clara-CA-Savvis,,02.2345.C05,41,41,1,,scco7124si,,,
Santa Clara-CA-Savvis,,02.2345.C05,42,42,1,,scmgmt08,Brocade,FastIron,
Santa Clara-CA-Savvis,,02.2345.C05,"21,22,23,24",24,4,,,Super Micro ,4U,
Santa Clara-CA-Savvis,,02.2345.C05,"17,18,19,20",20,4,,,Super Micro ,4U,
Santa Clara-CA-Savvis,,02.2345.C05,"13,14,15,16",16,4,,,Super Micro ,4U,
Santa Clara-CA-Savvis,,02.2345.C05,"9,10,11,12",12,4,,,Super Micro ,4U,
Santa Clara-CA-Savvis,,02.2345.C05,"5,6,7,8",8,4,,,Super Micro ,4U,
Santa Clara-CA-Savvis,,02.2345.C01,37,37,1,,gigamon gigavue-212,,,
Santa Clara-CA-Savvis,,02.2345.C01,36,36,1,,sc-fe-mps01,,,
Santa Clara-CA-Savvis,,02.2345.C01,35,35,1,,forescout,,,
Santa Clara-CA-Savvis,,02.2345.C01,"32,33",33,2,,scun1002b,Cisco,ASR 1002X,
Santa Clara-CA-Savvis,,02.2345.C01,"30,31",31,2,,scun1002a,Cisco,ASR 1002X,
Santa Clara-CA-Savvis,,02.2345.C01,28,28,1,,scih1001a,,,
Santa Clara-CA-Savvis,,02.2345.C06,42,42,1,,sclab2960sa,,,
Santa Clara-CA-Savvis,,02.2345.C06,41,41,1,,scmgmt09,,,
Santa Clara-CA-Savvis,,02.2345.C06,27,27,1,,vmhost3,,,
Santa Clara-CA-Savvis,,02.2345.C06,26,26,1,,,Dell,Power Edge R300,
Santa Clara-CA-Savvis,,02.2345.C06,"24,25",25,2,,build01,,,
Santa Clara-CA-Savvis,,02.2345.C06,"22,23",23,2,,qvm01,,,
Santa Clara-CA-Savvis,,02.2345.C06,"20,21",21,2,,opstest01,,,
Santa Clara-CA-Savvis,,02.2345.C06,"18,19",19,2,,qatest01,,,
Santa Clara-CA-Savvis,,02.2345.C06,17,17,1,,platformqa01,,,
Santa Clara-CA-Savvis,,02.2345.C06,"15,16",16,2,,,Super Micro ,2U,
Santa Clara-CA-Savvis,,02.2345.C06,"13,14",14,2,,,Super Micro ,2U,
Santa Clara-CA-Savvis,,02.2345.C06,"9,10",10,2,,leafdb1eqsj,,,
Santa Clara-CA-Savvis,,02.2345.C06,8,8,1,,geoadmin,,,
Santa Clara-CA-Savvis,,02.2345.C06,7,7,1,,,Super Micro ,1U,
Santa Clara-CA-Savvis,,02.2345.C06,6,6,1,,,Super Micro ,1U,
Santa Clara-CA-Savvis,, 02.2345.A01,35,35,1,,nasswitch01,Brocade,5000,
Santa Clara-CA-Savvis,, 02.2345.A01,34,34,1,,nasswitch02,Brocade,5000,
Santa Clara-CA-Savvis,, 02.2345.A01,29,29,1,,sqlclus-02,Dell,Power Edge 1950,
Santa Clara-CA-Savvis,, 02.2345.A01,28,28,1,,sqlclus-01,Dell,Power Edge 1950,
Santa Clara-CA-Savvis,, 02.2345.A01,"26,27",27,2,,leafdb2eqsj,HP,ProLiant DL385 G6,
Santa Clara-CA-Savvis,, 02.2345.A01,"24,25",25,2,,rac05,Super Micro ,,
Santa Clara-CA-Savvis,, 02.2345.A01,"14,15,16,17,18,19,20,21,22,23",23,10,,,EMC,DD4200,
Santa Clara-CA-Savvis,, 02.2345.A01,"12,13",13,2,,vm01,Super Micro ,,
Santa Clara-CA-Savvis,, 02.2345.A01,"10,11",11,2,,vm02,Super Micro ,,
Santa Clara-CA-Savvis,, 02.2345.A02 ,36,36,1,,scco7124sh,Arista,7124SX,
Santa Clara-CA-Savvis,, 02.2345.A02 ,33,33,1,,nasswitch01,Brocade,5100,
Santa Clara-CA-Savvis,, 02.2345.A02 ,32,32,1,,nasswitch02,Brocade,5100,
Santa Clara-CA-Savvis,, 02.2345.A02 ,"28,29",29,2,,grid08,Dell,Power Edge R710,
Santa Clara-CA-Savvis,, 02.2345.A02 ,"26,27",27,2,,grid07,Dell,Power Edge R710,
Santa Clara-CA-Savvis,, 02.2345.A02 ,"24,25",25,2,,grid06,Dell,Power Edge R710,
Santa Clara-CA-Savvis,, 02.2345.A02 ,"22,23",23,2,,grid05,Dell,Power Edge R710,
Santa Clara-CA-Savvis,, 02.2345.A02 ,"20,21",21,2,,grid04,Dell,Power Edge R710,
Santa Clara-CA-Savvis,, 02.2345.A02 ,"19,18",19,2,,grid03,Dell,Power Edge R710,
Santa Clara-CA-Savvis,, 02.2345.A02 ,"16,17",17,2,,grid02,Dell,Power Edge R710,
Santa Clara-CA-Savvis,, 02.2345.A02 ,"14,15",15,2,,grid01,Dell,Power Edge R710,
Santa Clara-CA-Savvis,,02.2345.A03,"35,36",36,2,,,Dell,Power Edge R710,
Santa Clara-CA-Savvis,,02.2345.A03,"21,22,23,24,25,26,27,28,29,30,31,32,33,34",34,14,,,Quantum,i500,
Santa Clara-CA-Savvis,,02.2345.A03,"19,20",20,2,,,Data Domain,DD676,
Santa Clara-CA-Savvis,,02.2345.A03,"16,17,18",18,3,,,Data Domain,,
Santa Clara-CA-Savvis,,02.2345.A03,15,15,1,,,Dell,Power Edge 850,
Santa Clara-CA-Savvis,,02.2345.A03,14,14,1,,quovaussc4,Dell,Power Edge 850,
Santa Clara-CA-Savvis,,02.2345.A03,"12,13",13,2,,,Dell,Power Edge 2650,
Santa Clara-CA-Savvis,,02.2345.A03,"9,10,11",11,3,,,Data Domain,,
Santa Clara-CA-Savvis,,02.2345.A03,8,8,1,,,SourceFire,,
Santa Clara-CA-Savvis,,02.2345.A03,7,7,1,,,,,
Santa Clara-CA-Savvis,,02.2345.A04,"26,27",27,2,,scmgmt01,Cisco,Catalyst 2948g,
Santa Clara-CA-Savvis,,02.2345.A04,23,23,1,,scabovenet,Cisco,Catalyst 4948,
Santa Clara-CA-Savvis,,02.2345.A04,22,22,1,,mvc3600a,Aruba,,
Santa Clara-CA-Savvis,,02.2345.A04,21,21,1,,,Cisco,2800,
Santa Clara-CA-Savvis,,02.2345.A04,20,20,1,,,Gigamon,,
Santa Clara-CA-Savvis,,02.2345.A04,19,19,1,,,Qualys Guard,,
Santa Clara-CA-Savvis,,02.2345.A04,18,18,1,,cco4948sa,Cisco,Catalyst 4948,
Santa Clara-CA-Savvis,,02.2345.A04,"1,2,3,4,5,6,7,8,9,10,11,12,13,14,15",15,15,,scco6509a core-1,Cisco,6500,
Santa Clara-CA-Savvis,,02.2345.A05,"26,27",27,2,,scmgmt02,Cisco,,
Santa Clara-CA-Savvis,,02.2345.A05,22,22,1,,mvco3600b,Aruba,,
Santa Clara-CA-Savvis,,02.2345.A05,21,21,1,,scmgmt03,Cisco,Catalyst 2900,
Santa Clara-CA-Savvis,,02.2345.A05,19,19,1,,,Media Exchange ,,
Santa Clara-CA-Savvis,,02.2345.A05,18,18,1,,scco4948sb,Cisco,Catalyst 4948,
Santa Clara-CA-Savvis,,02.2345.A05,"1,2,3,4,5,6,7,8,9,10,11,12,13,14,15",15,15,,scco6509b core-2,Cisco,6500,
Santa Clara-CA-Savvis,,02.2345.A06,"34,35",35,2,,,Lantronix,,
Santa Clara-CA-Savvis,,02.2345.A06,30,30,1,,,Cisco,ASA,
Santa Clara-CA-Savvis,,02.2345.A06,29,29,1,,,Cisco,ASA,
Santa Clara-CA-Savvis,,02.2345.A06,28,28,1,,,Cisco,Catalyst 2960g,
Santa Clara-CA-Savvis,,02.2345.A06,27,27,1,,,Cisco,Catalyst 2960g,
Santa Clara-CA-Savvis,,02.2345.A06,"24,25,26",26,3,,,Cisco,,
Santa Clara-CA-Savvis,,02.2345.A06,"21,22,23",23,3,,,Cisco,,
Santa Clara-CA-Savvis,,02.2345.A06,19,19,1,,scmrvcon1,,,
Santa Clara-CA-Savvis,,02.2345.A06,18,18,1,,scco2900a,Cisco,2900,
Santa Clara-CA-Savvis,,02.2345.A06,17,17,1,,scco2900b,Cisco,2900,
Santa Clara-CA-Savvis,,02.2345.A06,15,15,1,,scco2900c,Cisco,2900,
Santa Clara-CA-Savvis,,02.2345.A06,"11,12,13,14",14,4,,scmrvcon2,,,
Santa Clara-CA-Savvis,,02.2345.A06,"9,10",10,2,,scih3825a,Cisco,3800,
Santa Clara-CA-Savvis,,02.2345.A06,"7,8",8,2,,stsc5075b,Checkpoint,,
Santa Clara-CA-Savvis,,02.2345.A06,"5,6",6,2,,stsc5075a,Checkpoint,,
Santa Clara-CA-Savvis,,02.2345.A06,3,3,1,,scco3560a,Cisco,3560g,
Santa Clara-CA-Savvis,,02.2345.A06,2,2,1,,scco3560b,Cisco,3560g,
Santa Clara-CA-Savvis,,02.2345.A07,"37,38",38,2,,sky01,Dell,Power Edge 2970,
Santa Clara-CA-Savvis,,02.2345.A07,"33,34",34,2,,,Sun Netra,T2000,
Santa Clara-CA-Savvis,,02.2345.A07,27,27,1,,,HP,ProLiant DL360p G8,
Santa Clara-CA-Savvis,,02.2345.A07,26,26,1,,dc03,Dell,Power Edge R300,
Santa Clara-CA-Savvis,,02.2345.A07,"23,24",24,2,,mb02,Dell,Power Edge 2950,
Santa Clara-CA-Savvis,,02.2345.A07,"20,21",21,2,,mb01,Dell,Power Edge 2950,
Santa Clara-CA-Savvis,,02.2345.A07,"18,19",19,2,,vc01.quova.com,HP,ProLiant DL385,
Santa Clara-CA-Savvis,,02.2345.A07,"16,17",17,2,,dataprod02,,,
Santa Clara-CA-Savvis,,02.2345.A07,"14,15",15,2,,ddbprod01,,,
Santa Clara-CA-Savvis,,02.2345.A07,"12,13",13,2,,ddbprod02,,,
Santa Clara-CA-Savvis,,02.2345.A08,"34,35",35,2,,systems02,Dell,Power Edge 2950,
Santa Clara-CA-Savvis,,02.2345.A08,33,33,1,,clover02,Dell,Power Edge R410,
Santa Clara-CA-Savvis,,02.2345.A08,32,32,1,,dm01,Dell,Power Edge R410,
Santa Clara-CA-Savvis,,02.2345.A08,29,29,1,,,Dell,Power Edge R620,
Santa Clara-CA-Savvis,,02.2345.A08,"27,28",28,2,,,Dell,Power Edge R720,
Santa Clara-CA-Savvis,,02.2345.A08,"25,26",26,2,,,Dell,Power Edge R720,
Santa Clara-CA-Savvis,,02.2345.A08,"23,24",24,2,,,Dell,Power Edge R810,
Santa Clara-CA-Savvis,,02.2345.A08,"21,22",22,2,,,Dell,Power Edge R810,
Santa Clara-CA-Savvis,,02.2345.A08,"19,20",20,2,,dev-db1,HP,ProLiant DL385,
Santa Clara-CA-Savvis,,02.2345.A08,"16,17",17,2,,dev-db1,HP,ProLiant DL385,
Santa Clara-CA-Savvis,,02.2345.A08,"14,15",15,2,,qa01,Dell,Power Edge 2950,
Santa Clara-CA-Savvis,,02.2345.A09,42,42,1,,scsc2500b,Juniper,,
Santa Clara-CA-Savvis,,02.2345.A09,39,39,1,,scih4948sb,Cisco,Catalyst 4948,
Santa Clara-CA-Savvis,,02.2345.A09,38,38,1,,scih1600la1,F5,,
Santa Clara-CA-Savvis,,02.2345.A09,37,37,1,,scgl1600la,F5,,
Santa Clara-CA-Savvis,,02.2345.A09,"35,36",36,2,,www01,Dell,Power Edge 2650,
Santa Clara-CA-Savvis,,02.2345.A09,34,34,1,,,HP,ProLiant DL360p G8,
Santa Clara-CA-Savvis,,02.2345.A09,33,33,1,,ws07,Dell,Power Edge 1950,
Santa Clara-CA-Savvis,,02.2345.A09,32,32,1,,ws08,Dell,Power Edge 1950,
Santa Clara-CA-Savvis,,02.2345.A09,"30,31",31,2,,download01 ocp,Dell,Power Edge 2650,
Santa Clara-CA-Savvis,,02.2345.A09,"28,29",29,2,,hv01.quova.com,Dell,Power Edge 2950,
Santa Clara-CA-Savvis,,02.2345.A09,27,27,1,,wsstats,Dell,Power Edge R300,
Santa Clara-CA-Savvis,,02.2345.A09,26,26,1,,tmobile02,Dell,Power Edge R300,
Santa Clara-CA-Savvis,,02.2345.A09,"24,25",25,2,,vm03,Dell,Power Edge R710,
Santa Clara-CA-Savvis,,02.2345.A09,"15,16,17,18,19,20,21,22",22,8,,,Array,,
Santa Clara-CA-Savvis,,02.2345.A10,41,41,1,,scsc2500a,Juniper,,
Santa Clara-CA-Savvis,,02.2345.A10,39,39,1,,scih4948sa,Cisco,Catalyst 4948,
Santa Clara-CA-Savvis,,02.2345.A10,38,38,1,,scih1600la2,F5,,
Santa Clara-CA-Savvis,,02.2345.A10,37,37,1,,sc1435-ns1,Dell,Power Edge ,
Santa Clara-CA-Savvis,,02.2345.A10,"35,36",36,2,,www02,Dell,Power Edge 2650,
Santa Clara-CA-Savvis,,02.2345.A10,34,34,1,,crmus-01,Dell,Power Edge 1950,
Santa Clara-CA-Savvis,,02.2345.A10,33,33,1,,ws05,Dell,Power Edge 1950,
Santa Clara-CA-Savvis,,02.2345.A10,32,32,1,,ws06,Dell,Power Edge 1950,
Santa Clara-CA-Savvis,,02.2345.A10,28,28,1,,geoipm05,,,
Santa Clara-CA-Savvis,,02.2345.A10,27,27,1,,geoipm06,,,
Santa Clara-CA-Savvis,,02.2345.A10,"24,25",25,2,,vm04,Dell,Power Edge R710,
Santa Clara-CA-Savvis,,02.2345.A10,17,17,1,,scmgmt04,Cisco,2960,
Santa Clara-CA-Savvis,,02.2345.A11,43,43,1,,scco2960sa,Cisco,2960,
